date,ticker,score,rsi,price,price_future,stock_return_pct,spy_return_pct,alpha_pct
2024-05-23,AAPL,3,59.1,185.45,206.54,11.38,3.52,7.85
2024-06-07,AAPL,3,66.9,195.38,226.92,16.15,4.42,11.73
2024-06-24,AAPL,3,65.2,206.54,223.28,8.11,2.03,6.07
2024-07-09,AAPL,3,66.1,226.92,205.64,-9.38,-6.06,-3.32
2024-07-30,AAPL,2,28.9,217.12,226.54,4.34,3.61,0.73
2024-09-25,AAPL,3,57.0,224.89,229.25,1.94,1.39,0.54
2024-10-02,AAPL,3,55.4,225.3,228.6,1.46,1.96,-0.5
2024-10-16,AAPL,3,55.5,230.27,223.9,-2.77,2.56,-5.32
2024-10-23,AAPL,3,57.3,229.25,227.76,-0.65,2.16,-2.82
2024-12-27,AAPL,3,69.3,254.2,238.06,-6.35,1.14,-7.49
2025-07-16,AAPL,3,67.6,209.52,232.89,11.15,3.31,7.84
2025-07-23,AAPL,3,55.0,213.5,225.58,5.66,0.61,5.04
2025-08-20,AAPL,3,69.3,225.58,237.43,5.25,3.78,1.47
2025-09-04,AAPL,3,61.8,239.32,256.64,7.24,3.38,3.85
2025-09-25,AAPL,3,66.3,256.38,259.09,1.06,2.08,-1.03
2025-10-23,AAPL,3,51.8,259.09,266.0,2.67,-2.86,5.53
2025-11-28,AAPL,3,67.2,278.59,273.5,-1.83,0.95,-2.78
2025-12-05,AAPL,3,58.9,278.52,262.11,-5.89,1.19,-7.08
2024-06-14,MSFT,3,62.9,436.67,443.52,1.57,4.4,-2.83
2024-07-09,MSFT,3,61.5,453.41,394.28,-13.04,-6.06,-6.98
2024-09-25,MSFT,3,68.3,427.11,419.69,-1.74,1.39,-3.13
2024-12-05,MSFT,3,64.2,438.38,423.75,-3.34,-1.53,-1.8
2025-08-06,MSFT,3,59.6,521.91,505.87,-3.07,2.58,-5.66
2025-10-09,MSFT,3,54.5,520.24,495.04,-4.84,-0.13,-4.72
2025-10-23,MSFT,3,53.6,518.4,477.34,-7.92,-2.86,-5.06
2025-10-30,MSFT,3,64.1,523.58,490.89,-6.24,0.52,-6.77
2024-07-01,GOOGL,3,65.8,181.7,169.09,-6.94,-0.61,-6.33
2024-10-09,GOOGL,2,49.3,160.93,175.5,9.05,2.41,6.64
2024-10-16,GOOGL,3,56.6,164.21,177.85,8.31,2.56,5.75
2024-12-19,GOOGL,3,69.3,187.64,197.46,5.23,3.82,1.41
2024-12-27,GOOGL,3,67.3,191.87,194.51,1.37,1.14,0.23
2025-05-23,GOOGL,3,54.7,167.89,166.39,-0.89,5.09,-5.98
2025-06-02,GOOGL,3,67.0,168.45,175.44,4.15,4.52,-0.36
2025-06-09,GOOGL,3,64.7,175.69,176.22,0.3,4.37,-4.07
2025-06-16,GOOGL,3,58.0,176.37,182.56,3.51,3.88,-0.37
2025-07-01,GOOGL,3,45.9,175.44,196.09,11.77,2.72,9.04
2025-08-13,GOOGL,3,66.2,201.51,240.04,19.13,1.98,17.15
2025-10-09,GOOGL,2,28.0,241.2,284.36,17.89,-0.13,18.02
2024-06-07,AMZN,3,49.0,184.3,199.34,8.16,4.42,3.74
2024-06-24,AMZN,3,64.3,185.57,186.41,0.45,2.03,-1.58
2024-07-01,AMZN,3,64.1,197.2,181.71,-7.85,-0.61,-7.24
2024-07-09,AMZN,3,69.0,199.34,161.93,-18.77,-6.06,-12.71
2024-10-30,AMZN,3,65.0,192.73,205.74,6.75,3.24,3.51
2024-12-05,AMZN,3,59.5,220.55,227.61,3.2,-1.53,4.73
2025-01-22,AMZN,3,66.1,235.01,222.88,-5.16,0.65,-5.81
2025-02-05,AMZN,3,66.6,236.17,200.7,-15.02,-5.21,-9.8
2025-05-16,AMZN,3,68.9,205.59,216.1,5.11,1.43,3.68
2025-05-23,AMZN,3,66.6,200.99,212.77,5.86,5.09,0.77
2025-06-09,AMZN,3,67.5,216.98,222.54,2.56,4.37,-1.81
2025-06-16,AMZN,3,68.6,216.1,223.19,3.28,3.88,-0.6
2025-07-01,AMZN,3,53.7,220.46,230.19,4.41,2.72,1.69
2025-07-09,AMZN,3,59.9,222.54,222.31,-0.1,1.4,-1.5
2025-08-20,AMZN,2,40.4,223.81,231.23,3.32,3.78,-0.47
2025-08-27,AMZN,3,59.8,229.12,218.15,-4.79,2.05,-6.84
2025-09-04,AMZN,3,56.2,235.68,222.41,-5.63,3.38,-9.01
2025-09-11,AMZN,3,58.8,229.95,227.74,-0.96,2.34,-3.3
2025-11-06,AMZN,3,69.6,243.04,229.53,-5.56,2.29,-7.85
2025-11-13,AMZN,3,58.9,237.58,226.19,-4.79,1.45,-6.24
2026-01-28,AMZN,3,51.6,243.01,207.92,-14.44,-0.88,-13.56
2024-06-14,META,3,69.6,501.69,487.39,-2.85,4.4,-7.25
2024-06-24,META,3,66.9,496.47,486.3,-2.05,2.03,-4.08
2024-07-09,META,3,61.3,527.41,491.67,-6.78,-6.06,-0.72
2024-08-27,META,3,66.0,516.56,566.07,9.58,1.82,7.76
2024-09-18,META,3,64.3,535.83,574.51,7.22,4.04,3.18
2024-12-05,META,3,64.6,606.53,628.22,3.58,-1.53,5.11
2025-01-22,META,3,61.7,621.54,692.66,11.44,0.65,10.79
2025-05-23,META,3,60.7,625.64,711.14,13.67,5.09,8.58
2025-06-02,META,3,66.0,669.39,718.15,7.28,4.52,2.77
2025-07-01,META,3,56.2,718.15,694.17,-3.34,2.72,-6.06
2025-08-06,META,3,66.9,770.84,747.54,-3.02,2.58,-5.61
2025-08-13,META,3,63.9,778.92,749.78,-3.74,1.98,-5.72
2025-09-18,META,3,64.9,779.09,711.49,-8.68,0.03,-8.71
2025-12-29,META,3,45.7,658.69,668.73,1.52,1.1,0.42
2026-01-28,META,3,57.0,668.73,657.01,-1.75,-0.88,-0.87
2026-02-04,META,3,61.4,668.99,660.57,-1.26,-0.71,-0.55
2024-10-02,NVDA,3,49.5,118.81,139.29,17.24,1.96,15.28
2024-10-16,NVDA,3,64.9,135.67,146.22,7.77,2.56,5.22
2024-11-13,NVDA,3,58.1,146.22,137.3,-6.1,1.2,-7.29
2025-06-09,NVDA,3,61.4,142.6,162.86,14.21,4.37,9.83
2025-07-01,NVDA,3,64.9,153.28,179.25,16.94,2.72,14.22
2025-10-30,NVDA,3,69.4,202.88,176.99,-12.76,0.52,-13.28
2026-01-28,NVDA,3,53.3,191.52,184.89,-3.46,-0.88,-2.58
2024-05-23,TSLA,2,44.1,173.74,182.58,5.09,3.52,1.56
2024-06-24,TSLA,3,56.9,182.58,246.38,34.94,2.03,32.91
2024-09-25,TSLA,3,65.7,257.02,213.65,-16.87,1.39,-18.27
2024-10-02,TSLA,3,63.8,249.02,257.55,3.43,1.96,1.47
2024-10-30,TSLA,3,59.5,257.55,332.89,29.25,3.24,26.01
2025-06-24,TSLA,3,48.9,340.47,332.56,-2.32,4.52,-6.84
2025-08-20,TSLA,3,61.0,323.9,416.85,28.7,3.78,24.91
2025-08-27,TSLA,3,66.6,349.6,423.39,21.11,2.05,19.06
2025-10-02,TSLA,3,62.5,436.0,440.1,0.94,1.59,-0.65
2025-12-19,TSLA,3,67.9,481.2,431.44,-10.34,0.71,-11.05
2024-07-01,JPM,3,59.9,197.97,208.51,5.32,-0.61,5.93
2024-07-23,JPM,3,54.7,203.8,207.86,1.99,0.89,1.1
2024-08-20,JPM,3,52.2,207.86,201.08,-3.26,0.48,-3.74
2024-10-30,JPM,3,69.4,218.77,243.51,11.31,3.24,8.06
2024-11-13,JPM,3,63.6,235.1,235.46,0.15,1.2,-1.04
2024-11-20,JPM,3,67.0,234.73,227.11,-3.25,-0.75,-2.5
2025-01-06,JPM,3,53.4,236.01,265.0,12.28,1.49,10.79
2025-02-12,JPM,3,67.3,269.92,220.67,-18.25,-8.61,-9.64
2025-02-27,JPM,2,27.1,253.84,243.13,-4.22,-2.78,-1.44
2025-09-04,JPM,3,68.0,300.99,304.69,1.23,3.38,-2.15
2025-09-11,JPM,3,66.6,302.72,304.16,0.48,2.34,-1.86
2025-09-18,JPM,3,66.1,310.31,297.2,-4.23,0.03,-4.26
2025-11-13,JPM,3,62.2,308.09,317.09,2.92,1.45,1.47
2025-11-28,JPM,3,49.0,311.67,322.3,3.41,0.95,2.46
2025-12-05,JPM,3,63.3,313.63,334.61,6.69,1.19,5.5
2025-12-12,JPM,3,66.4,317.09,310.9,-1.95,2.06,-4.01
2025-12-19,JPM,3,57.4,315.79,302.04,-4.35,0.71,-5.06
2025-12-29,JPM,3,56.8,322.3,300.77,-6.68,1.1,-7.78
2026-01-06,JPM,3,68.3,334.61,317.27,-5.18,-0.81,-4.37
2024-06-07,V,3,47.2,275.06,262.0,-4.75,4.42,-9.17
2024-10-23,V,3,60.9,280.65,304.59,8.53,2.16,6.37
2024-10-30,V,3,66.8,286.98,311.84,8.66,3.24,5.42
2025-01-22,V,3,64.0,320.62,347.89,8.51,0.65,7.86
2025-03-20,V,2,27.0,336.98,327.16,-2.91,-6.63,3.72
2025-03-27,V,3,54.7,347.26,332.68,-4.2,-2.9,-1.3
2025-10-23,V,3,45.7,344.57,323.1,-6.23,-2.86,-3.37
2026-01-06,V,3,66.2,356.82,329.27,-7.72,-0.81,-6.91
2024-10-09,UNH,3,64.3,570.37,575.65,0.93,2.41,-1.48
2024-11-20,UNH,3,61.8,579.32,473.81,-18.21,-0.75,-17.47
2024-11-27,UNH,3,51.2,586.93,493.89,-15.85,-0.3,-15.55
2026-01-06,UNH,3,57.8,346.28,273.79,-20.93,-0.81,-20.12
2026-01-13,UNH,2,57.3,331.35,276.76,-16.48,-0.26,-16.22
2026-01-21,UNH,3,60.3,345.07,287.69,-16.63,-0.13,-16.49
2024-07-23,JNJ,3,66.9,144.77,152.2,5.13,0.89,4.24
2024-08-06,JNJ,3,53.7,151.06,160.24,6.08,5.52,0.56
2025-06-16,JNJ,3,57.0,152.31,161.69,6.16,3.88,2.28
2025-07-01,JNJ,3,48.4,152.99,164.12,7.27,2.72,4.55
2025-07-09,JNJ,3,66.5,153.35,167.39,9.16,1.4,7.76
2025-07-30,JNJ,3,68.0,164.12,174.75,6.47,1.92,4.56
2025-08-06,JNJ,3,67.4,167.39,176.69,5.56,2.58,2.98
2025-08-13,JNJ,3,61.4,171.15,176.44,3.09,1.98,1.11
2025-10-02,JNJ,3,68.6,183.83,186.86,1.65,1.59,0.07
2025-11-13,JNJ,3,61.8,192.99,210.46,9.05,1.45,7.61
2025-12-12,JNJ,3,68.4,210.46,212.52,0.98,2.06,-1.08
2026-01-06,JNJ,2,25.5,203.71,233.23,14.49,-0.81,15.31
2026-01-13,JNJ,3,63.5,212.52,239.59,12.74,-0.26,13.0
2024-07-30,XOM,3,65.9,111.41,111.84,0.39,3.61,-3.22
2024-08-13,XOM,3,58.6,111.12,104.28,-6.16,2.28,-8.44
2024-10-09,XOM,3,63.1,116.03,115.0,-0.89,2.41,-3.3
2024-11-13,XOM,3,57.3,115.45,107.15,-7.19,1.2,-8.38
2024-11-20,XOM,3,64.4,115.29,101.1,-12.31,-0.75,-11.56
2025-02-20,XOM,3,59.2,108.28,112.05,3.48,-7.35,10.84
2025-02-27,XOM,3,58.6,106.49,113.97,7.03,-2.78,9.81
2025-03-20,XOM,3,60.0,112.05,103.37,-7.75,-6.63,-1.12
2025-06-24,XOM,3,59.9,105.71,107.26,1.47,4.52,-3.05
2025-07-09,XOM,3,49.5,111.03,103.92,-6.41,1.4,-7.8
2025-09-18,XOM,3,51.8,112.19,108.95,-2.89,0.03,-2.92
2025-10-23,XOM,3,60.4,114.21,116.25,1.78,-2.86,4.64
2025-10-30,XOM,3,64.4,112.94,115.15,1.96,0.52,1.43
2025-11-13,XOM,3,61.5,116.98,118.03,0.9,1.45,-0.55
2025-11-20,XOM,3,61.2,116.25,115.92,-0.28,4.61,-4.89
2025-12-12,XOM,3,56.0,118.03,125.7,6.5,2.06,4.43
2025-12-29,XOM,3,63.7,119.73,136.67,14.15,1.1,13.05
2026-01-06,XOM,3,57.6,120.25,146.61,21.92,-0.81,22.74
2026-01-13,XOM,3,66.6,125.7,154.53,22.93,-0.26,23.19
2024-06-07,PG,3,48.4,159.71,158.37,-0.84,4.42,-5.26
2024-06-24,PG,3,62.7,161.04,160.24,-0.49,2.03,-2.53
2024-08-06,PG,3,49.4,161.66,169.17,4.65,5.52,-0.87
2024-08-13,PG,2,48.9,160.89,167.27,3.96,2.28,1.68
2024-08-27,PG,3,47.2,162.77,165.67,1.78,1.82,-0.04
2024-09-11,PG,3,61.1,167.27,162.79,-2.67,4.42,-7.09
2025-02-27,PG,3,56.2,167.38,164.2,-1.9,-2.78,0.88
2025-03-06,PG,3,56.6,169.99,167.79,-1.3,-6.01,4.71
2025-04-03,PG,3,59.4,167.79,157.21,-6.31,5.6,-11.91
2025-09-04,PG,3,68.0,156.97,149.93,-4.49,3.38,-7.87
2025-09-11,PG,3,49.6,156.42,148.48,-5.07,2.34,-7.42
2024-08-20,HD,3,49.3,354.31,372.71,5.19,0.48,4.71
2024-09-18,HD,3,67.9,372.71,406.29,9.01,4.04,4.97
2024-11-13,HD,3,55.2,398.12,404.34,1.56,1.2,0.37
2025-07-23,HD,3,55.0,371.82,396.91,6.75,0.61,6.13
2025-07-30,HD,3,48.7,367.6,403.33,9.72,1.92,7.8
2025-08-27,HD,3,64.3,403.33,404.83,0.37,2.05,-1.68
2026-01-28,HD,3,67.8,375.3,375.09,-0.06,-0.88,0.82
2024-08-13,MA,3,67.2,455.45,484.02,6.27,2.28,3.99
2024-08-20,MA,3,54.9,465.12,490.54,5.47,0.48,4.98
2024-11-13,MA,3,57.2,518.12,528.57,2.02,1.2,0.82
2024-11-27,MA,3,63.8,528.54,528.37,-0.03,-0.3,0.27
2024-12-27,MA,3,53.2,528.37,545.65,3.27,1.14,2.13
2025-08-13,MA,3,60.2,576.27,587.07,1.87,1.98,-0.1
2025-08-20,MA,3,69.2,591.01,584.4,-1.12,3.78,-4.9
2024-06-14,CRWD,3,61.8,385.43,369.05,-4.25,4.4,-8.65
2024-09-25,CRWD,3,68.8,286.47,299.3,4.48,1.39,3.08
2024-10-02,CRWD,3,63.7,280.24,307.45,9.71,1.96,7.75
2024-10-09,CRWD,3,61.7,298.34,320.0,7.26,2.41,4.85
2024-10-16,CRWD,3,63.4,306.24,347.88,13.6,2.56,11.04
2024-11-27,CRWD,3,58.6,347.59,354.99,2.13,-0.3,2.43
2025-01-22,CRWD,3,63.6,377.98,436.14,15.39,0.65,14.74
2025-01-29,CRWD,3,65.7,397.07,380.24,-4.24,-2.78,-1.45
2025-10-09,CRWD,3,53.0,509.13,532.52,4.59,-0.13,4.72
2025-10-30,CRWD,3,68.4,538.68,509.16,-5.48,0.52,-6.0
2024-07-09,DDOG,3,66.9,126.63,105.47,-16.71,-6.06,-10.65
2024-11-20,DDOG,3,62.2,135.45,146.93,8.48,-0.75,9.22
2024-11-27,DDOG,3,69.3,151.96,145.99,-3.93,-0.3,-3.63
2024-12-27,DDOG,2,22.4,145.99,145.72,-0.18,1.14,-1.33
2025-05-23,DDOG,3,67.0,114.46,130.83,14.3,5.09,9.21
2025-06-09,DDOG,3,63.4,121.17,142.75,17.81,4.37,13.44
2025-07-09,DDOG,3,66.9,142.75,136.96,-4.06,1.4,-5.45
2025-09-25,DDOG,2,51.2,136.6,156.59,14.63,2.08,12.55
2025-10-16,DDOG,3,59.7,151.17,185.97,23.02,1.73,21.29
2025-11-13,DDOG,3,69.4,185.97,146.0,-21.49,1.45,-22.94
2024-07-09,NET,3,62.4,82.58,76.24,-7.68,-6.06,-1.62
2024-09-25,NET,3,63.1,83.41,87.64,5.07,1.39,3.68
2024-10-09,NET,3,54.5,84.95,92.51,8.9,2.41,6.49
2024-10-16,NET,3,65.9,91.34,94.16,3.09,2.56,0.53
2024-11-13,NET,3,58.2,94.16,114.89,22.02,1.2,20.82
2024-11-20,NET,3,63.1,96.47,108.58,12.55,-0.75,13.3
2024-11-27,NET,3,55.2,99.37,110.61,11.31,-0.3,11.61
2025-09-04,NET,3,64.7,209.98,224.56,6.94,3.38,3.56
2025-09-18,NET,3,59.0,223.57,211.4,-5.44,0.03,-5.48
2025-10-30,NET,3,58.6,222.5,200.21,-10.02,0.52,-10.54
2025-11-06,NET,3,59.1,225.9,200.95,-11.04,2.29,-13.34
2024-06-24,ZS,3,65.4,181.06,191.07,5.53,2.03,3.49
2024-07-01,ZS,3,65.0,198.62,176.75,-11.01,-0.61,-10.4
2024-07-09,ZS,3,64.7,197.36,165.75,-16.02,-6.06,-9.96
2024-11-27,ZS,3,59.0,204.96,184.56,-9.95,-0.3,-9.65
2025-02-20,ZS,3,54.9,206.97,203.55,-1.65,-7.35,5.7
2025-03-27,ZS,3,50.5,209.45,215.58,2.93,-2.9,5.83
2025-07-16,ZS,2,29.1,287.76,277.77,-3.47,3.31,-6.78
2025-09-25,ZS,3,60.6,286.66,318.77,11.2,2.08,9.12
2025-10-09,ZS,3,64.9,315.21,317.92,0.86,-0.13,0.99
2025-10-23,ZS,3,58.1,318.77,279.73,-12.25,-2.86,-9.38
2025-10-30,ZS,3,59.8,322.04,251.5,-21.9,0.52,-22.43
2024-11-06,SNOW,3,54.6,121.42,183.06,50.77,2.64,48.12
2024-12-27,SNOW,2,23.4,158.65,182.88,15.27,1.14,14.13
2025-09-11,SNOW,3,69.3,224.53,250.67,11.64,2.34,9.3
2025-10-02,SNOW,3,67.1,240.54,271.18,12.74,1.59,11.15
2025-10-09,SNOW,3,65.7,250.67,264.72,5.6,-0.13,5.73
2025-10-23,SNOW,3,61.7,252.99,244.66,-3.29,-2.86,-0.43
2024-08-13,MDB,2,49.1,243.0,296.69,22.09,2.28,19.81
2024-09-04,MDB,3,69.0,290.71,254.38,-12.5,3.57,-16.06
2024-09-11,MDB,3,64.3,296.69,275.49,-7.15,4.42,-11.56
2024-10-16,MDB,3,53.3,278.39,300.89,8.08,2.56,5.53
2024-11-27,MDB,3,61.8,324.6,238.35,-26.57,-0.3,-26.27
2024-12-05,MDB,3,65.8,334.31,252.86,-24.36,-1.53,-22.83
2025-02-20,MDB,3,65.7,290.0,189.3,-34.72,-7.35,-27.37
2025-05-23,MDB,3,64.4,185.85,209.25,12.59,5.09,7.5
2025-06-02,MDB,3,52.2,193.0,206.04,6.76,4.52,2.24
2025-07-23,MDB,3,69.9,228.25,212.7,-6.81,0.61,-7.43
2025-11-13,MDB,3,58.1,351.14,419.0,19.33,1.45,17.88
2025-12-05,MDB,3,68.2,409.62,435.86,6.41,1.19,5.22
2024-06-07,ESTC,3,52.0,111.95,112.38,0.38,4.42,-4.04
2024-06-14,ESTC,3,59.5,114.18,118.38,3.68,4.4,-0.73
2024-07-01,ESTC,3,56.2,115.48,106.52,-7.76,-0.61,-7.15
2024-07-09,ESTC,2,50.1,112.38,101.53,-9.65,-6.06,-3.6
2024-07-16,ESTC,3,66.1,118.38,107.16,-9.48,-4.04,-5.44
2024-11-06,ESTC,3,59.3,85.35,111.53,30.67,2.64,28.03
2025-02-12,ESTC,3,68.7,117.76,91.67,-22.16,-8.61,-13.55
2025-07-30,ESTC,3,64.9,87.99,83.3,-5.33,1.92,-7.25
2025-09-18,ESTC,3,53.9,89.64,80.54,-10.15,0.03,-10.18
2025-11-13,ESTC,3,56.9,91.3,76.31,-16.42,1.45,-17.86
2024-09-11,BILL,3,51.6,52.24,54.73,4.77,4.42,0.35
2024-10-09,BILL,3,49.9,54.73,64.72,18.25,2.41,15.84
2024-10-16,BILL,3,62.2,55.52,89.67,61.51,2.56,58.95
2024-10-23,BILL,3,62.6,55.31,87.86,58.85,2.16,56.69
2025-05-16,BILL,3,53.7,46.26,41.99,-9.23,1.43,-10.66
2025-06-09,BILL,3,45.9,45.58,47.72,4.7,4.37,0.32
2025-09-18,BILL,3,60.0,52.59,49.65,-5.59,0.03,-5.62
2025-09-25,BILL,3,57.1,53.19,50.77,-4.55,2.08,-6.63
2025-10-16,BILL,2,27.5,49.65,50.11,0.93,1.73,-0.8
2024-09-18,HUBS,3,58.0,503.76,532.13,5.63,4.04,1.59
2024-09-25,HUBS,3,67.1,531.19,531.93,0.14,1.39,-1.26
2024-10-02,HUBS,3,63.4,514.56,561.11,9.05,1.96,7.09
2024-10-09,HUBS,3,56.2,541.07,597.79,10.48,2.41,8.07
2024-10-16,HUBS,2,48.9,532.13,700.16,31.58,2.56,29.02
2024-10-30,HUBS,3,54.1,561.11,722.76,28.81,3.24,25.56
2025-02-05,HUBS,3,68.2,779.71,652.1,-16.37,-5.21,-11.15
2025-02-12,HUBS,3,61.8,785.5,598.32,-23.83,-8.61,-15.22
2025-05-16,HUBS,3,61.9,660.79,549.57,-16.83,1.43,-18.26
2025-09-25,HUBS,3,59.2,506.68,475.8,-6.09,2.08,-8.18
2024-07-30,TWLO,3,58.9,59.01,61.99,5.05,3.61,1.44
2024-08-06,TWLO,3,49.1,58.86,60.84,3.36,5.52,-2.15
2024-08-13,TWLO,3,61.5,61.45,58.94,-4.08,2.28,-6.37
2024-08-20,TWLO,3,53.3,60.59,60.5,-0.15,0.48,-0.63
2024-09-25,TWLO,3,55.3,62.66,70.6,12.67,1.39,11.28
2025-05-23,TWLO,3,69.6,113.49,121.62,7.16,5.09,2.08
2025-06-02,TWLO,3,69.5,119.6,117.23,-1.98,4.52,-6.5
2025-07-23,TWLO,3,69.1,132.7,101.94,-23.18,0.61,-23.8
2025-07-30,TWLO,3,68.5,130.92,103.15,-21.21,1.92,-23.13
2025-10-16,TWLO,3,54.4,106.23,123.99,16.72,1.73,14.99
2025-10-23,TWLO,3,60.4,110.82,118.88,7.27,-2.86,10.14
2025-10-30,TWLO,3,62.2,112.86,129.69,14.91,0.52,14.39
2025-11-13,TWLO,3,61.3,123.99,132.92,7.2,1.45,5.76
2025-11-20,TWLO,2,24.4,118.88,141.74,19.23,4.61,14.62
2025-12-12,TWLO,3,68.3,132.92,129.83,-2.32,2.06,-4.39
2026-01-28,TWLO,3,41.6,135.86,119.61,-11.96,-0.88,-11.08
2024-07-23,OKTA,3,54.7,96.05,97.61,1.62,0.89,0.74
2024-08-13,OKTA,3,50.3,92.82,73.34,-20.99,2.28,-23.27
2024-11-27,OKTA,3,47.3,76.42,81.64,6.83,-0.3,7.13
2024-12-05,OKTA,3,64.6,83.51,84.38,1.04,-1.53,2.57
2025-01-14,OKTA,3,49.3,83.07,98.26,18.29,3.64,14.65
2025-02-27,OKTA,2,29.8,89.19,111.2,24.68,-2.78,27.46
2025-03-06,OKTA,3,60.6,111.22,100.27,-9.85,-6.01,-3.84
2025-03-13,OKTA,3,62.1,106.63,101.63,-4.69,-4.58,-0.11
2025-03-20,OKTA,3,66.9,112.8,97.93,-13.18,-6.63,-6.55
2026-01-13,OKTA,3,57.3,94.07,88.18,-6.26,-0.26,-6.0
2024-06-07,DOCN,3,51.9,37.35,32.41,-13.23,4.42,-17.65
2024-09-11,DOCN,3,58.7,39.71,42.62,7.33,4.42,2.91
2024-09-25,DOCN,3,68.8,40.76,41.08,0.79,1.39,-0.61
2024-10-16,DOCN,3,56.8,43.55,38.06,-12.61,2.56,-15.16
2024-10-30,DOCN,2,25.0,40.95,37.88,-7.5,3.24,-10.74
2025-08-13,DOCN,3,56.3,31.75,36.56,15.15,1.98,13.17
2025-09-04,DOCN,3,58.3,32.12,38.71,20.52,3.38,17.13
2025-09-18,DOCN,3,68.7,37.21,43.08,15.78,0.03,15.74
2025-10-09,DOCN,3,60.2,39.54,47.08,19.07,-0.13,19.2
2025-11-06,DOCN,3,63.5,47.08,48.3,2.59,2.29,0.3
2025-11-13,DOCN,3,60.0,45.19,47.66,5.47,1.45,4.02
2025-12-05,DOCN,3,62.3,48.3,54.01,11.82,1.19,10.63
2025-12-12,DOCN,3,66.3,47.66,54.39,14.12,2.06,12.06
2025-12-29,DOCN,3,49.5,49.34,60.24,22.09,1.1,20.99
2026-01-13,DOCN,3,69.2,54.39,62.4,14.73,-0.26,14.99
2026-01-28,DOCN,3,65.7,60.24,54.26,-9.93,-0.88,-9.05
2026-02-04,DOCN,3,58.5,57.27,53.83,-6.01,-0.71,-5.3
2024-07-30,PD,3,59.6,21.87,19.8,-9.47,3.61,-13.07
2024-11-06,PD,3,61.5,19.85,20.99,5.74,2.64,3.1
2024-11-27,PD,3,56.3,21.01,17.83,-15.14,-0.3,-14.83
2024-12-05,PD,3,62.3,20.99,17.84,-15.01,-1.53,-13.47
2025-06-09,PD,3,49.5,16.07,15.96,-0.68,4.37,-5.06
2025-07-30,PD,3,55.4,16.31,16.95,3.92,1.92,2.01
2025-08-06,PD,3,66.5,16.2,16.57,2.28,2.58,-0.3
2025-08-20,PD,3,49.0,16.03,16.43,2.5,3.78,-1.29
2025-08-27,PD,3,64.6,16.95,16.2,-4.42,2.05,-6.47
2025-10-02,PD,3,50.6,16.47,15.75,-4.37,1.59,-5.96
2024-07-01,MNDY,3,63.2,239.97,227.74,-5.1,-0.61,-4.48
2024-07-09,MNDY,3,61.5,237.74,208.74,-12.2,-6.06,-6.14
2024-08-20,MNDY,3,68.6,268.69,261.17,-2.8,0.48,-3.28
2024-09-18,MNDY,3,53.4,261.17,284.31,8.86,4.04,4.82
2024-10-16,MNDY,3,60.6,284.31,269.16,-5.33,2.56,-7.89
2024-10-30,MNDY,3,65.8,300.23,286.95,-4.42,3.24,-7.67
2024-11-27,MNDY,3,38.8,286.95,233.22,-18.72,-0.3,-18.42
2025-06-09,MNDY,3,65.1,309.02,309.62,0.19,4.37,-4.18
2025-07-01,MNDY,3,47.7,303.76,277.73,-8.57,2.72,-11.29
2025-07-09,MNDY,3,63.6,309.62,258.5,-16.51,1.4,-17.91
2024-05-23,CFLT,3,60.1,31.0,27.34,-11.81,3.52,-15.33
2024-10-23,CFLT,3,67.5,21.28,28.57,34.26,2.16,32.09
2024-10-30,CFLT,3,59.8,23.07,30.57,32.51,3.24,29.26
2024-11-20,CFLT,3,63.7,28.57,28.49,-0.28,-0.75,0.47
2024-11-27,CFLT,3,62.2,30.57,28.89,-5.5,-0.3,-5.19
2024-12-27,CFLT,2,26.5,28.89,30.1,4.19,1.14,3.05
2025-02-20,CFLT,3,58.6,32.54,26.62,-18.19,-7.35,-10.84
2025-06-16,CFLT,3,63.7,23.67,24.92,5.28,3.88,1.4
2025-07-01,CFLT,3,58.8,24.95,26.4,5.81,2.72,3.09
2025-07-09,CFLT,3,63.8,25.56,17.24,-32.55,1.4,-33.95
2025-07-23,CFLT,3,56.6,26.35,17.12,-35.03,0.61,-35.64
2025-07-30,CFLT,3,69.2,26.4,18.85,-28.6,1.92,-30.52
2025-10-02,CFLT,3,63.6,20.52,23.52,14.62,1.59,13.03
2025-10-16,CFLT,3,65.2,22.53,23.4,3.86,1.73,2.14
2025-10-23,CFLT,3,65.8,22.87,21.52,-5.9,-2.86,-3.04
2025-10-30,CFLT,3,58.4,23.52,22.25,-5.4,0.52,-5.92
2025-12-05,CFLT,3,48.8,23.14,30.18,30.42,1.19,29.23
2026-02-04,CFLT,2,28.6,30.33,30.79,1.52,-0.71,2.23
2024-07-30,S,3,63.1,22.55,24.75,9.76,3.61,6.15
2024-08-20,S,3,57.4,24.0,24.29,1.21,0.48,0.73
2024-09-18,S,3,49.0,24.29,25.99,7.0,4.04,2.96
2024-09-25,S,3,59.3,24.12,25.28,4.81,1.39,3.41
2024-10-09,S,3,50.1,25.11,27.33,8.84,2.41,6.43
2024-10-16,S,3,61.8,25.99,27.68,6.5,2.56,3.95
2024-10-23,S,3,63.4,25.28,27.07,7.08,2.16,4.92
2024-11-13,S,3,63.9,27.68,24.02,-13.22,1.2,-14.42
2024-11-27,S,3,51.2,28.08,22.45,-20.05,-0.3,-19.75
2025-05-23,S,3,60.5,19.76,17.8,-9.92,5.09,-15.01
2025-07-30,S,3,58.2,18.8,17.15,-8.78,1.92,-10.69
2025-09-18,S,3,58.7,18.72,16.82,-10.15,0.03,-10.18
2024-07-23,GTLB,3,57.4,55.05,46.52,-15.5,0.89,-16.38
2024-09-18,GTLB,3,59.1,51.17,54.35,6.21,4.04,2.17
2024-10-16,GTLB,3,61.8,54.35,60.93,12.11,2.56,9.55
2024-10-23,GTLB,3,68.4,53.06,62.15,17.13,2.16,14.97
2024-11-06,GTLB,3,66.1,60.21,66.04,9.68,2.64,7.04
2024-11-13,GTLB,3,67.5,60.93,61.04,0.18,1.2,-1.02
2024-11-27,GTLB,3,59.8,63.8,57.97,-9.14,-0.3,-8.83
2025-01-29,GTLB,3,67.2,70.33,60.04,-14.63,-2.78,-11.85
2025-02-05,GTLB,3,69.5,73.14,58.25,-20.35,-5.21,-15.14
2025-06-09,GTLB,2,48.5,48.64,46.88,-3.62,4.37,-7.99
2025-07-30,GTLB,3,53.9,46.17,47.26,2.36,1.92,0.44
2025-09-11,GTLB,3,64.2,49.74,46.86,-5.79,2.34,-8.13
2025-09-18,GTLB,3,53.8,50.04,48.27,-3.54,0.03,-3.57
2024-07-23,IOT,3,60.5,37.86,40.72,7.55,0.89,6.67
2024-08-13,IOT,3,65.6,39.83,46.03,15.57,2.28,13.28
2024-08-20,IOT,3,60.4,40.72,47.55,16.77,0.48,16.29
2024-09-11,IOT,3,64.9,46.03,47.93,4.13,4.42,-0.29
2024-09-18,IOT,3,69.8,47.55,49.5,4.1,4.04,0.06
2024-11-13,IOT,3,67.7,52.86,46.43,-12.16,1.2,-13.36
2024-11-20,IOT,3,65.6,52.63,42.67,-18.92,-0.75,-18.18
2024-11-27,IOT,3,56.7,53.74,44.42,-17.34,-0.3,-17.04
2024-12-05,IOT,3,64.9,55.13,44.97,-18.43,-1.53,-16.9
2025-02-20,IOT,3,58.1,54.65,39.49,-27.74,-7.35,-20.39
2025-05-23,IOT,3,68.4,45.5,40.28,-11.47,5.09,-16.56
2025-09-18,IOT,3,62.0,39.97,36.42,-8.88,0.03,-8.91
2025-10-09,IOT,3,50.0,40.07,38.1,-4.92,-0.13,-4.79
2025-10-30,IOT,2,58.7,38.57,38.03,-1.4,0.52,-1.92
2025-12-12,IOT,3,63.4,41.39,33.98,-17.9,2.06,-19.97
2024-07-23,BRZE,3,55.6,40.45,43.63,7.86,0.89,6.97
2024-07-30,BRZE,3,68.4,42.92,45.78,6.66,3.61,3.05
2024-08-20,BRZE,3,48.7,43.63,34.99,-19.8,0.48,-20.29
2024-11-27,BRZE,3,69.2,38.82,42.9,10.51,-0.3,10.81
2024-12-05,BRZE,3,69.5,41.29,45.59,10.41,-1.53,11.95
2024-12-19,BRZE,3,66.6,44.0,44.53,1.2,3.82,-2.61
2025-01-29,BRZE,3,56.2,45.96,36.32,-20.97,-2.78,-18.19
2025-05-23,BRZE,3,66.4,34.73,26.77,-22.92,5.09,-28.01
2025-06-02,BRZE,3,52.9,36.52,28.17,-22.86,4.52,-27.38
2025-09-25,BRZE,3,49.2,31.27,28.13,-10.06,2.08,-12.14
2025-12-05,BRZE,3,62.3,30.3,31.39,3.6,1.19,2.41
2025-12-29,BRZE,3,69.5,35.25,23.77,-32.57,1.1,-33.67
2024-05-23,DT,3,62.3,47.6,43.85,-7.88,3.52,-11.4
2024-11-06,DT,3,64.8,56.49,58.63,3.79,2.64,1.15
2024-11-27,DT,3,55.6,55.46,54.69,-1.39,-0.3,-1.08
2024-12-05,DT,3,68.4,58.63,53.53,-8.7,-1.53,-7.17
2024-12-12,DT,3,67.8,56.42,51.24,-9.18,-3.34,-5.84
2025-02-20,DT,3,68.8,61.24,49.63,-18.96,-7.35,-11.6
2025-07-09,DT,3,51.8,56.19,50.53,-10.07,1.4,-11.47
2024-05-31,ENPH,3,68.1,127.9,97.26,-23.96,3.74,-27.7
2024-06-07,ENPH,3,57.5,122.75,103.59,-15.61,4.42,-20.03
2024-08-20,ENPH,3,52.3,116.98,119.74,2.36,0.48,1.88
2024-09-18,ENPH,3,45.9,119.74,93.13,-22.22,4.04,-26.26
2024-09-25,ENPH,2,51.3,113.29,78.47,-30.74,1.39,-32.13
2025-09-18,ENPH,3,54.5,38.44,37.56,-2.29,0.03,-2.32
2025-10-16,ENPH,3,54.3,37.56,28.91,-23.03,1.73,-24.76
2025-12-29,ENPH,3,61.5,33.13,40.47,22.16,1.1,21.05
2026-01-06,ENPH,3,69.7,34.75,51.67,48.69,-0.81,49.5
2026-01-13,ENPH,3,66.4,36.37,48.23,32.61,-0.26,32.87
2025-01-14,SEDG,2,47.0,14.25,13.29,-6.74,3.64,-10.37
2025-02-05,SEDG,3,48.8,14.34,16.02,11.72,-5.21,16.93
2025-02-27,SEDG,3,63.3,17.89,15.93,-10.96,-2.78,-8.18
2025-03-20,SEDG,3,53.2,17.12,12.64,-26.17,-6.63,-19.54
2025-07-01,SEDG,3,52.4,21.86,25.81,18.07,2.72,15.35
2025-07-16,SEDG,3,66.4,24.96,26.46,6.01,3.31,2.7
2025-07-23,SEDG,3,62.1,29.07,32.06,10.29,0.61,9.67
2025-09-04,SEDG,3,69.8,34.16,37.96,11.12,3.38,7.74
2025-09-25,SEDG,3,58.8,37.9,37.82,-0.21,2.08,-2.29
2025-10-16,SEDG,3,51.5,40.11,36.42,-9.2,1.73,-10.93
2024-09-11,FSLR,3,58.6,239.84,226.05,-5.75,4.42,-10.17
2024-09-18,FSLR,3,56.9,241.81,205.62,-14.97,4.04,-19.01
2024-09-25,FSLR,3,65.6,241.72,192.41,-20.4,1.39,-21.79
2025-05-09,FSLR,3,63.7,140.68,160.16,13.85,6.26,7.58
2025-05-16,FSLR,3,68.1,178.46,175.25,-1.8,1.43,-3.23
2025-06-16,FSLR,3,69.6,175.25,166.82,-4.81,3.88,-8.69
2025-07-01,FSLR,3,48.9,162.96,179.13,9.92,2.72,7.2
2025-07-09,FSLR,3,64.8,165.99,185.01,11.46,1.4,10.06
2025-07-16,FSLR,3,58.2,166.82,184.84,10.8,3.31,7.49
2025-07-23,FSLR,3,56.7,179.77,206.44,14.84,0.61,14.22
2025-07-30,FSLR,3,65.4,179.13,191.23,6.75,1.92,4.84
2025-08-06,FSLR,3,65.2,185.01,201.87,9.11,2.58,6.53
2025-10-16,FSLR,3,63.5,237.79,256.59,7.91,1.73,6.18
2025-11-06,FSLR,3,68.4,271.98,257.61,-5.28,2.29,-7.58
2025-11-28,FSLR,3,54.0,272.92,268.25,-1.71,0.95,-2.66
2025-12-29,FSLR,3,56.1,268.25,249.41,-7.02,1.1,-8.12
2024-05-23,RUN,3,50.6,11.99,13.58,13.26,3.52,9.74
2024-06-07,RUN,3,59.0,13.45,13.21,-1.78,4.42,-6.2
2024-07-16,RUN,3,67.1,17.28,19.27,11.52,-4.04,15.56
2024-07-30,RUN,3,64.4,16.74,20.82,24.37,3.61,20.76
2024-08-13,RUN,3,60.2,19.27,19.15,-0.62,2.28,-2.91
2024-08-20,RUN,3,57.1,19.09,20.3,6.34,0.48,5.86
2024-08-27,RUN,3,61.3,20.82,18.29,-12.15,1.82,-13.97
2025-06-16,RUN,3,69.6,9.64,10.34,7.26,3.88,3.38
2025-07-23,RUN,3,60.0,10.64,15.47,45.39,0.61,44.78
2025-08-13,RUN,3,52.5,10.93,16.01,46.48,1.98,44.5
2025-08-27,RUN,3,69.0,15.8,16.91,7.03,2.05,4.98
2025-10-02,RUN,3,68.7,19.15,19.62,2.45,1.59,0.87
2025-10-16,RUN,3,62.4,20.14,18.87,-6.31,1.73,-8.03
2026-02-04,RUN,3,59.6,20.73,11.79,-43.13,-0.71,-42.41
2024-07-16,AXON,3,69.8,319.43,368.97,15.51,-4.04,19.55
2024-07-23,AXON,3,67.2,319.55,373.05,16.74,0.89,15.85
2024-09-04,AXON,2,29.8,355.35,404.51,13.83,3.57,10.27
2024-09-18,AXON,3,64.9,383.01,433.83,13.27,4.04,9.23
2024-12-27,AXON,2,27.5,610.98,639.97,4.74,1.14,3.6
2026-01-13,AXON,3,64.5,641.51,434.45,-32.28,-0.26,-32.02
2026-01-21,AXON,3,61.8,610.25,441.12,-27.71,-0.13,-27.58
2024-05-23,TDG,3,62.3,1179.3,1176.93,-0.2,3.52,-3.72
2024-09-18,TDG,3,58.5,1217.39,1295.02,6.38,4.04,2.34
2024-11-13,TDG,3,53.3,1275.31,1160.71,-8.99,1.2,-10.18
2025-01-22,TDG,3,65.6,1266.89,1228.09,-3.06,0.65,-3.71
2025-02-27,TDG,3,58.9,1262.7,1295.2,2.57,-2.78,5.35
2025-03-06,TDG,3,51.5,1258.17,1275.7,1.39,-6.01,7.4
2025-03-20,TDG,3,48.4,1273.19,1251.6,-1.7,-6.63,4.93
2025-03-27,TDG,3,61.3,1295.2,1289.46,-0.44,-2.9,2.46
2025-04-03,TDG,3,54.1,1275.7,1356.97,6.37,5.6,0.77
2025-06-02,TDG,3,59.8,1360.24,1415.48,4.06,4.52,-0.45
2025-06-24,TDG,3,55.2,1378.18,1494.96,8.47,4.52,3.95
2025-10-30,TDG,3,54.5,1306.14,1360.17,4.14,0.52,3.61
2025-11-13,TDG,3,39.1,1325.04,1294.65,-2.29,1.45,-3.74
2025-11-20,TDG,3,56.1,1327.87,1276.83,-3.84,4.61,-8.45
2025-12-05,TDG,3,52.0,1346.86,1384.4,2.79,1.19,1.6
2024-06-24,DECK,2,20.3,163.01,147.07,-9.78,2.03,-11.81
2024-07-01,DECK,2,15.6,157.72,151.87,-3.71,-0.61,-3.09
2024-09-18,DECK,3,48.7,157.23,161.16,2.5,4.04,-1.54
2024-09-25,DECK,3,62.8,154.5,150.96,-2.29,1.39,-3.69
2024-10-02,DECK,3,58.1,157.66,169.52,7.52,1.96,5.56
2024-10-09,DECK,3,60.6,160.44,164.77,2.7,2.41,0.29
2024-10-16,DECK,3,55.0,161.16,178.34,10.66,2.56,8.1
2024-10-30,DECK,3,65.1,169.52,191.77,13.13,3.24,9.88
2024-11-06,DECK,3,54.5,164.77,200.92,21.94,2.64,19.3
2025-01-22,DECK,3,64.3,214.92,150.02,-30.2,0.65,-30.85
2025-01-29,DECK,3,68.2,218.9,138.49,-36.73,-2.78,-33.95
2025-12-19,DECK,3,69.8,99.47,101.94,2.48,0.71,1.78
2026-01-06,DECK,3,58.9,107.46,112.25,4.46,-0.81,5.27
2026-02-04,DECK,3,61.7,112.25,107.58,-4.16,-0.71,-3.45
2024-06-07,PODD,3,53.8,191.42,195.17,1.96,4.42,-2.46
2024-11-06,PODD,3,65.9,239.3,267.58,11.82,2.64,9.17
2025-01-14,PODD,3,50.6,267.04,279.55,4.68,3.64,1.05
2025-01-22,PODD,3,65.9,278.89,288.29,3.37,0.65,2.72
2025-01-29,PODD,3,64.8,277.11,267.09,-3.62,-2.78,-0.83
2025-06-09,PODD,2,23.2,305.66,297.46,-2.68,4.37,-7.06
2025-06-16,PODD,2,24.1,306.59,288.27,-5.98,3.88,-9.86
2024-09-25,WST,2,52.7,301.88,285.07,-5.57,1.39,-6.96
2024-11-06,WST,3,66.4,327.8,316.88,-3.33,2.64,-5.98
2024-11-13,WST,3,57.1,342.57,330.24,-3.6,1.2,-4.79
2024-12-19,WST,3,51.5,325.65,346.43,6.38,3.82,2.56
2024-12-27,WST,3,62.1,331.84,338.16,1.91,1.14,0.76
2025-01-22,WST,3,65.6,346.43,202.93,-41.42,0.65,-42.07
2025-01-29,WST,3,55.9,338.16,221.78,-34.42,-2.78,-31.63
2025-06-09,WST,3,59.0,223.2,225.61,1.08,4.37,-3.3
2025-06-16,WST,3,70.0,223.73,223.81,0.04,3.88,-3.84
2025-07-09,WST,3,65.4,225.61,236.87,4.99,1.4,3.6
2025-07-30,WST,3,58.1,248.78,245.55,-1.3,1.92,-3.22
2025-08-13,WST,3,19.6,245.8,263.29,7.12,1.98,5.14
2025-09-18,WST,3,59.9,254.54,266.73,4.79,0.03,4.76
2025-10-30,WST,3,59.9,278.06,277.0,-0.38,0.52,-0.91
2025-11-28,WST,3,55.9,277.0,275.35,-0.6,0.95,-1.55
2024-07-30,SOFI,3,66.2,7.42,7.77,4.72,3.61,1.11
2024-08-20,SOFI,3,47.0,7.37,8.11,10.04,0.48,9.56
2024-09-04,SOFI,3,64.2,7.48,7.79,4.14,3.57,0.58
2024-09-18,SOFI,3,61.3,8.11,10.04,23.8,4.04,19.76
2024-09-25,SOFI,3,61.9,7.73,10.42,34.8,1.39,33.4
2024-10-09,SOFI,3,59.1,8.59,11.81,37.49,2.41,35.08
2025-01-22,SOFI,3,62.2,17.59,15.56,-11.54,0.65,-12.19
2025-01-29,SOFI,3,57.1,15.99,14.07,-12.01,-2.78,-9.22
2025-05-16,SOFI,3,58.8,13.92,14.9,7.04,1.43,5.61
2025-06-09,SOFI,3,55.2,14.1,20.22,43.4,4.37,39.03
2025-06-16,SOFI,3,66.4,14.9,21.39,43.56,3.88,39.68
2025-06-24,SOFI,3,68.0,15.85,21.56,36.03,4.52,31.5
2025-08-27,SOFI,3,64.8,24.96,28.12,12.66,2.05,10.61
2025-09-18,SOFI,3,64.5,28.11,26.6,-5.37,0.03,-5.4
2025-09-25,SOFI,3,66.0,28.12,28.08,-0.14,2.08,-2.23
2025-10-30,SOFI,3,60.0,29.03,29.72,2.38,0.52,1.85
2025-11-28,SOFI,3,54.4,29.72,26.82,-9.76,0.95,-10.71
2024-06-07,HOOD,3,60.4,22.18,22.6,1.89,4.42,-2.53
2024-06-14,HOOD,3,60.1,22.42,24.63,9.86,4.4,5.45
2024-10-02,HOOD,3,59.2,22.63,28.21,24.66,1.96,22.7
2024-10-09,HOOD,3,69.3,25.65,29.86,16.41,2.41,14.0
2024-11-13,HOOD,3,63.3,31.91,39.33,23.25,1.2,22.06
2025-02-12,HOOD,3,62.4,55.91,36.02,-35.58,-8.61,-26.97
2025-06-24,HOOD,3,68.7,82.01,102.08,24.47,4.52,19.95
2025-09-11,HOOD,3,65.1,117.75,152.46,29.48,2.34,27.14
2024-07-23,FUBO,3,66.7,1.46,1.94,32.88,0.89,31.99
2024-12-12,FUBO,3,53.6,1.6,3.81,138.12,-3.34,141.46
2025-01-29,FUBO,3,29.5,4.08,3.52,-13.73,-2.78,-10.94
2025-07-01,FUBO,3,66.2,3.77,4.16,10.34,2.72,7.62
2025-07-09,FUBO,3,61.2,3.49,3.74,7.16,1.4,5.77
2025-07-30,FUBO,3,69.3,4.16,3.41,-18.03,1.92,-19.95
2025-08-06,FUBO,3,55.4,3.74,3.77,0.8,2.58,-1.78
2024-06-24,CLOV,3,56.7,1.27,1.66,30.71,2.03,28.67
2024-07-01,CLOV,3,64.2,1.2,1.92,60.0,-0.61,60.61
2024-07-09,CLOV,3,63.8,1.34,1.83,36.57,-6.06,42.62
2024-09-11,CLOV,2,27.2,2.65,3.91,47.55,4.42,43.13
2025-09-25,CLOV,3,69.5,3.16,3.2,1.27,2.08,-0.82
2026-01-21,CLOV,3,59.3,2.62,2.09,-20.23,-0.13,-20.09
2024-05-31,PLUG,3,66.8,3.33,2.28,-31.53,3.74,-35.27
2024-10-23,PLUG,2,50.7,2.08,1.92,-7.69,2.16,-9.86
2024-12-12,PLUG,3,62.7,2.4,2.66,10.83,-3.34,14.17
2025-01-06,PLUG,3,67.5,3.15,1.85,-41.27,1.49,-42.76
2025-01-14,PLUG,3,52.1,2.66,1.65,-37.97,3.64,-41.61
2025-07-01,PLUG,3,55.1,1.41,1.55,9.93,2.72,7.21
2025-07-16,PLUG,3,64.8,1.52,1.66,9.21,3.31,5.9
2025-07-23,PLUG,3,67.2,1.81,1.56,-13.81,0.61,-14.43
2025-10-16,PLUG,3,62.9,3.48,2.49,-28.45,1.73,-30.17
2026-01-28,PLUG,3,55.8,2.45,1.91,-22.04,-0.88,-21.16
2024-07-23,SIRI,3,63.6,35.08,30.26,-13.74,0.89,-14.63
2024-11-13,SIRI,2,51.5,24.93,23.34,-6.38,1.2,-7.57
2024-11-27,SIRI,3,53.6,25.05,21.76,-13.11,-0.3,-12.81
2024-12-05,SIRI,3,50.3,25.47,21.76,-14.55,-1.53,-13.02
2025-02-20,SIRI,3,67.0,23.95,21.91,-8.54,-7.35,-1.18
2025-03-06,SIRI,2,28.0,22.58,20.09,-11.03,-6.01,-5.03
2025-05-23,SIRI,3,60.3,21.03,21.58,2.61,5.09,-2.48
2025-07-01,SIRI,3,58.6,22.75,22.08,-2.96,2.72,-5.68
2025-09-11,SIRI,3,65.0,23.22,21.58,-7.06,2.34,-9.4
2024-05-23,LCID,2,48.2,27.2,25.6,-5.88,3.52,-9.41
2024-07-23,LCID,3,60.8,34.75,32.4,-6.76,0.89,-7.65
2024-08-06,LCID,2,29.4,30.9,38.2,23.62,5.52,18.11
2024-09-04,LCID,3,68.9,38.2,33.4,-12.57,3.57,-16.13
2025-01-29,LCID,2,27.0,26.7,22.3,-16.48,-2.78,-13.69
2025-05-02,LCID,3,52.2,25.3,22.0,-13.04,4.58,-17.62
2025-05-16,LCID,3,64.0,28.4,21.5,-24.3,1.43,-25.72
2025-05-23,LCID,2,56.0,25.6,21.7,-15.23,5.09,-20.32
2024-05-31,RIVN,3,57.8,10.92,13.92,27.47,3.74,23.73
2024-06-07,RIVN,3,60.7,11.52,15.71,36.37,4.42,31.95
2024-07-01,RIVN,3,62.7,13.92,16.22,16.52,-0.61,17.14
2024-08-06,RIVN,2,25.3,14.8,13.28,-10.27,5.52,-15.79
2025-01-06,RIVN,3,57.3,15.72,12.77,-18.74,1.49,-20.23
2025-05-23,RIVN,3,66.2,15.63,13.81,-11.64,5.09,-16.73
2025-09-18,RIVN,3,61.1,14.68,12.91,-12.06,0.03,-12.09
2025-09-25,RIVN,3,67.9,15.74,13.09,-16.84,2.08,-18.92
2025-11-13,RIVN,3,66.0,16.39,18.42,12.39,1.45,10.94
2025-11-28,RIVN,3,59.5,16.86,20.67,22.6,0.95,21.65
2025-12-29,RIVN,3,63.5,20.67,15.2,-26.46,1.1,-27.56
2026-01-13,RIVN,2,18.2,18.85,14.76,-21.7,-0.26,-21.44
2024-06-14,COIN,3,53.3,244.5,251.49,2.86,4.4,-1.54
2024-07-23,COIN,3,64.0,257.63,197.25,-23.44,0.89,-24.33
2024-10-23,COIN,3,67.2,198.93,320.01,60.87,2.16,58.7
2024-10-30,COIN,3,68.7,211.74,310.98,46.87,3.24,43.62
2024-11-06,COIN,3,63.8,254.31,320.57,26.05,2.64,23.41
2024-11-13,COIN,3,65.5,284.72,312.96,9.92,1.2,8.72
2025-05-09,COIN,3,66.5,199.32,256.63,28.75,6.26,22.49
2025-07-01,COIN,3,69.6,335.33,377.48,12.57,2.72,9.85
2025-07-16,COIN,3,65.0,398.2,327.01,-17.88,3.31,-21.19
2025-10-02,COIN,3,67.5,372.07,328.51,-11.71,1.59,-13.29
2025-10-09,COIN,3,65.8,387.0,295.22,-23.72,-0.13,-23.59
2024-07-01,RBLX,3,66.5,37.06,41.03,10.71,-0.61,11.32
2024-07-23,RBLX,3,69.6,41.08,40.54,-1.31,0.89,-2.2
2024-08-20,RBLX,3,46.3,40.54,45.28,11.69,0.48,11.21
2024-09-11,RBLX,3,64.7,44.99,41.74,-7.22,4.42,-11.64
2024-09-18,RBLX,3,58.8,45.28,41.39,-8.59,4.04,-12.63
2024-12-05,RBLX,3,68.7,58.94,61.93,5.07,-1.53,6.61
2025-08-06,RBLX,3,59.5,134.14,129.79,-3.24,2.58,-5.83
2025-09-04,RBLX,3,54.8,129.79,133.5,2.86,3.38,-0.52
2025-09-18,RBLX,3,65.2,135.54,134.49,-0.77,0.03,-0.81
2025-10-16,RBLX,3,49.4,134.49,101.27,-24.7,1.73,-26.43
2024-09-11,U,3,49.6,17.22,21.09,22.47,4.42,18.06
2024-09-18,U,3,68.8,20.22,21.79,7.76,4.04,3.72
2024-10-02,U,3,62.2,21.04,20.7,-1.62,1.96,-3.58
2024-12-27,U,2,27.3,22.84,22.94,0.44,1.14,-0.71
2025-02-27,U,3,66.3,26.17,21.58,-17.54,-2.78,-14.76
2025-05-16,U,3,55.3,22.81,24.4,6.97,1.43,5.54
2025-06-02,U,3,66.2,26.24,24.01,-8.5,4.52,-13.01
2025-06-09,U,3,59.5,24.69,29.35,18.87,4.37,14.5
2025-08-13,U,3,64.7,37.94,43.4,14.39,1.98,12.42
2025-08-20,U,3,57.6,35.84,45.45,26.81,3.78,23.03
2025-09-18,U,3,68.4,45.45,34.72,-23.61,0.03,-23.64
2025-11-28,U,3,56.7,42.52,45.05,5.95,0.95,5.0
2024-05-23,TGTX,3,56.3,16.98,18.41,8.42,3.52,4.9
2024-07-01,TGTX,3,68.7,18.15,19.21,5.84,-0.61,6.45
2024-08-13,TGTX,3,57.6,21.23,23.07,8.67,2.28,6.38
2024-08-20,TGTX,3,68.8,24.71,25.25,2.19,0.48,1.7
2024-08-27,TGTX,3,67.1,23.11,23.35,1.04,1.82,-0.78
2024-09-18,TGTX,3,62.9,25.25,24.5,-2.97,4.04,-7.01
2024-10-16,TGTX,3,58.9,24.5,34.9,42.45,2.56,39.89
2024-11-06,TGTX,3,62.1,27.17,33.65,23.85,2.64,21.21
2024-11-20,TGTX,3,63.9,31.15,30.95,-0.64,-0.75,0.1
2024-11-27,TGTX,3,68.3,35.0,32.53,-7.06,-0.3,-6.75
2024-12-12,TGTX,2,27.3,30.69,29.74,-3.1,-3.34,0.24
2025-03-06,TGTX,3,69.5,35.19,39.34,11.79,-6.01,17.8
2025-03-13,TGTX,3,68.3,37.06,35.98,-2.91,-4.58,1.67
2025-04-10,TGTX,2,21.8,35.98,33.64,-6.5,7.58,-14.08
2025-04-25,TGTX,3,66.6,41.33,34.57,-16.36,5.17,-21.53
2025-07-16,TGTX,3,56.3,38.84,27.87,-28.24,3.31,-31.56
2025-07-23,TGTX,3,56.1,37.6,28.31,-24.71,0.61,-25.32
2025-09-25,TGTX,3,66.6,34.64,33.49,-3.32,2.08,-5.4
2025-10-23,TGTX,2,27.6,33.49,30.45,-9.08,-2.86,-6.21
2024-10-16,KPTI,3,65.8,12.72,12.99,2.12,2.56,-0.43
2024-11-06,KPTI,3,52.7,13.31,11.94,-10.26,2.64,-12.9
2025-05-09,KPTI,3,56.5,6.01,4.21,-29.95,6.26,-36.21
2025-09-04,KPTI,3,66.2,6.74,6.29,-6.61,3.38,-9.99
2025-09-18,KPTI,2,22.7,5.73,6.03,5.24,0.03,5.2
2025-12-12,KPTI,3,66.7,6.95,7.91,13.81,2.06,11.75
2025-12-19,KPTI,3,64.0,6.94,6.32,-8.93,0.71,-9.64
2025-12-29,KPTI,3,69.8,7.34,6.92,-5.72,1.1,-6.82
2026-01-06,KPTI,3,61.5,7.35,6.3,-14.29,-0.81,-13.47
2026-01-13,KPTI,3,60.9,7.91,7.37,-6.83,-0.26,-6.57
2024-05-23,PTCT,3,61.4,37.13,35.77,-3.66,3.52,-7.19
2024-09-04,PTCT,3,60.9,33.59,36.43,8.45,3.57,4.89
2024-09-18,PTCT,3,51.6,35.48,36.7,3.44,4.04,-0.6
2024-10-09,PTCT,3,65.7,39.94,43.18,8.11,2.41,5.7
2024-10-23,PTCT,3,69.1,42.48,41.96,-1.22,2.16,-3.39
2024-10-30,PTCT,3,56.8,40.66,45.11,10.94,3.24,7.7
2024-11-06,PTCT,3,68.4,43.18,48.4,12.09,2.64,9.45
2024-11-13,PTCT,3,61.0,44.03,47.36,7.56,1.2,6.37
2024-11-27,PTCT,3,56.8,45.11,45.23,0.27,-0.3,0.57
2024-12-05,PTCT,3,62.3,48.4,45.78,-5.41,-1.53,-3.88
2024-12-12,PTCT,3,59.9,47.36,41.81,-11.72,-3.34,-8.38
2025-02-12,PTCT,3,63.1,48.93,52.76,7.83,-8.61,16.44
2025-02-20,PTCT,3,64.8,50.38,56.63,12.41,-7.35,19.76
2025-03-06,PTCT,3,59.2,52.8,46.73,-11.5,-6.01,-5.49
2025-03-20,PTCT,3,54.7,56.63,47.39,-16.32,-6.63,-9.69
2025-07-01,PTCT,2,28.1,48.59,50.94,4.84,2.72,2.11
2025-08-27,PTCT,3,48.4,49.78,57.84,16.19,2.05,14.14
2025-10-09,PTCT,3,69.1,66.01,72.59,9.97,-0.13,10.09
2024-07-23,RARE,3,66.9,45.18,53.01,17.33,0.89,16.44
2024-07-30,RARE,3,60.5,44.71,57.62,28.87,3.61,25.27
2024-08-06,RARE,3,69.9,49.77,56.12,12.76,5.52,7.24
2024-10-16,RARE,3,59.9,57.7,48.71,-15.58,2.56,-18.14
2025-02-20,RARE,3,56.3,44.48,38.89,-12.57,-7.35,-5.21
2025-06-09,RARE,3,54.4,37.04,41.44,11.88,4.37,7.51
2025-06-16,RARE,3,60.0,37.11,27.31,-26.41,3.88,-30.29
2025-09-11,RARE,3,64.0,31.23,31.66,1.38,2.34,-0.96
2025-10-02,RARE,3,52.6,30.9,35.17,13.82,1.59,12.23
2025-10-09,RARE,3,65.7,31.66,30.95,-2.24,-0.13,-2.12
2025-10-23,RARE,3,60.4,33.63,31.18,-7.29,-2.86,-4.42
2025-10-30,RARE,3,66.6,35.17,34.75,-1.19,0.52,-1.72
2025-11-28,RARE,3,68.1,34.75,19.72,-43.25,0.95,-44.2
2025-12-05,RARE,3,63.3,36.38,22.54,-38.04,1.19,-39.23
2025-12-12,RARE,3,66.0,36.23,24.11,-33.45,2.06,-35.52
2024-08-06,SGMO,3,69.2,0.99,0.8,-19.19,5.52,-24.71
2024-08-13,SGMO,3,62.2,0.98,0.84,-14.29,2.28,-16.57
2024-09-25,SGMO,3,59.6,0.86,1.54,79.07,1.39,77.68
2024-11-13,SGMO,3,67.0,2.44,1.91,-21.72,1.2,-22.92
2024-12-19,SGMO,3,51.2,2.31,1.15,-50.22,3.82,-54.04
2024-12-27,SGMO,3,63.3,2.56,1.13,-55.86,1.14,-57.0
2025-07-23,SGMO,3,52.0,0.55,0.54,-1.82,0.61,-2.43
2025-07-30,SGMO,3,58.6,0.55,0.54,-1.82,1.92,-3.74
2025-08-20,SGMO,2,50.0,0.54,0.55,1.85,3.78,-1.93
2025-08-27,SGMO,3,58.8,0.54,0.63,16.67,2.05,14.62
2024-06-07,QURE,3,59.1,5.33,6.67,25.14,4.42,20.72
2024-07-23,QURE,3,69.2,8.03,6.78,-15.62,0.89,-16.51
2024-07-30,QURE,3,26.8,7.63,6.08,-20.31,3.61,-23.92
2024-10-30,QURE,3,68.0,6.3,6.02,-4.52,3.24,-7.76
2024-11-06,QURE,3,61.5,7.16,6.59,-7.96,2.64,-10.6
2024-11-13,QURE,3,53.2,6.8,15.06,121.47,1.2,120.27
2024-11-27,QURE,2,27.3,6.02,17.5,190.7,-0.3,191.0
2024-12-05,QURE,3,48.0,6.59,18.08,174.36,-1.53,175.89
2025-01-14,QURE,2,24.5,13.23,13.3,0.53,3.64,-3.11
2025-05-23,QURE,3,47.1,15.16,14.22,-6.2,5.09,-11.29
2025-06-09,QURE,3,68.0,16.9,14.87,-12.01,4.37,-16.38
2025-09-11,QURE,3,67.8,16.94,63.65,275.74,2.34,273.4
2024-05-31,MRNA,3,65.7,142.55,115.95,-18.66,3.74,-22.4
2024-06-14,MRNA,2,29.0,140.03,125.14,-10.63,4.4,-15.04
2025-07-01,MRNA,3,57.3,28.69,32.15,12.06,2.72,9.34
2025-07-23,MRNA,3,66.3,34.67,26.89,-22.44,0.61,-23.06
2025-10-09,MRNA,3,61.8,27.53,24.33,-11.62,-0.13,-11.5
2025-10-16,MRNA,3,64.0,27.14,24.96,-8.03,1.73,-9.76
2025-12-29,MRNA,3,63.2,31.15,45.3,45.43,1.1,44.32
2026-01-06,MRNA,3,66.4,35.66,42.77,19.94,-0.81,20.75
2026-01-13,MRNA,3,61.0,39.6,40.51,2.3,-0.26,2.56
2026-01-28,MRNA,3,65.7,45.3,51.71,14.15,-0.88,15.03
2024-05-23,BNTX,3,61.8,99.0,86.61,-12.52,3.52,-16.04
2024-05-31,BNTX,3,63.3,100.6,78.83,-21.64,3.74,-25.38
2024-06-07,BNTX,3,62.2,100.34,80.51,-19.76,4.42,-24.18
2024-08-27,BNTX,3,68.9,87.11,115.8,32.94,1.82,31.11
2024-09-04,BNTX,3,61.3,89.02,119.0,33.68,3.57,30.11
2024-10-23,BNTX,2,29.3,110.98,102.14,-7.97,2.16,-10.13
2024-12-12,BNTX,3,66.1,120.69,112.43,-6.84,-3.34,-3.5
2025-01-06,BNTX,3,49.7,120.21,122.38,1.81,1.49,0.32
2025-01-29,BNTX,3,43.8,121.16,108.8,-10.2,-2.78,-7.42
2025-02-05,BNTX,3,59.8,122.38,110.83,-9.44,-5.21,-4.22
2025-05-23,BNTX,3,46.5,98.68,105.09,6.5,5.09,1.41
2025-06-09,BNTX,3,63.1,108.97,111.78,2.58,4.37,-1.79
2025-06-24,BNTX,2,27.3,105.09,114.6,9.05,4.52,4.53
2025-10-23,BNTX,3,47.5,104.75,96.97,-7.43,-2.86,-4.56
2025-11-13,BNTX,2,46.3,103.88,94.81,-8.73,1.45,-10.18
2026-01-28,BNTX,3,68.8,116.16,108.8,-6.34,-0.88,-5.46
2024-06-07,NVAX,3,68.4,18.17,11.84,-34.84,4.42,-39.26
2024-07-01,NVAX,2,19.9,12.73,12.2,-4.16,-0.61,-3.55
2024-10-02,NVAX,3,64.3,14.68,9.84,-32.97,1.96,-34.93
2025-01-29,NVAX,4,29.9,8.81,7.06,-19.86,-2.78,-17.08
2025-06-02,NVAX,3,58.5,7.07,6.61,-6.51,4.52,-11.02
2025-06-09,NVAX,3,44.7,7.41,7.04,-4.99,4.37,-9.37
2025-08-13,NVAX,3,62.3,8.85,8.28,-6.44,1.98,-8.42
2025-08-20,NVAX,3,68.2,8.74,8.53,-2.4,3.78,-6.19
2025-09-04,NVAX,2,28.0,7.79,9.55,22.59,3.38,19.21
2025-09-18,NVAX,3,67.3,8.53,8.48,-0.59,0.03,-0.62
2025-09-25,NVAX,3,57.9,8.34,8.36,0.24,2.08,-1.84
2026-01-28,NVAX,3,62.0,9.23,11.19,21.24,-0.88,22.12
2024-07-30,INO,3,60.0,10.51,7.43,-29.31,3.61,-32.91
2025-05-16,INO,3,59.5,2.05,2.0,-2.44,1.43,-3.87
2025-05-23,INO,3,55.7,1.97,2.06,4.57,5.09,-0.52
2025-06-02,INO,3,58.5,2.1,2.04,-2.86,4.52,-7.37
2025-06-09,INO,3,57.4,2.22,1.45,-34.68,4.37,-39.06
2024-05-23,OCGN,3,64.2,1.78,1.26,-29.21,3.52,-32.74
2025-04-17,OCGN,3,40.3,0.68,0.76,11.63,12.88,-1.24
2025-04-25,OCGN,3,56.6,0.72,0.93,29.49,5.17,24.32
2025-05-02,OCGN,3,63.2,0.76,0.84,9.41,4.58,4.83
2025-06-02,OCGN,3,67.1,0.84,0.92,10.39,4.52,5.88
2025-06-16,OCGN,3,67.1,1.16,1.04,-10.34,3.88,-14.23
2026-01-06,OCGN,3,59.3,1.54,1.41,-8.44,-0.81,-7.63
2026-01-13,OCGN,3,69.4,1.91,1.41,-26.18,-0.26,-25.92
2024-07-30,NKTR,3,55.0,20.85,18.75,-10.07,3.61,-13.68
2024-10-09,NKTR,3,52.6,19.5,20.85,6.92,2.41,4.51
2024-10-23,NKTR,3,60.4,21.15,15.0,-29.08,2.16,-31.24
2025-06-02,NKTR,3,62.2,12.0,24.59,104.92,4.52,100.4
2025-08-06,NKTR,2,27.3,22.45,35.98,60.27,2.58,57.68
2024-07-23,MCRB,3,67.5,22.6,17.22,-23.81,0.89,-24.69
2024-07-30,MCRB,3,59.6,25.2,16.6,-34.13,3.61,-37.74
2024-12-12,MCRB,3,60.4,17.22,15.32,-11.03,-3.34,-7.69
2024-12-19,MCRB,3,43.8,18.42,18.24,-0.98,3.82,-4.8
2025-07-01,MCRB,3,68.5,10.7,14.4,34.52,2.72,31.79
2025-08-13,MCRB,3,60.4,15.97,17.57,10.02,1.98,8.04
2025-08-20,MCRB,3,65.9,17.94,18.03,0.5,3.78,-3.28
2025-08-27,MCRB,3,67.4,18.88,18.9,0.11,2.05,-1.94
2025-10-09,MCRB,3,61.1,19.5,13.86,-28.92,-0.13,-28.8
2024-07-30,LCTX,3,56.5,1.02,0.91,-10.78,3.61,-14.39
2025-02-05,LCTX,3,63.8,0.71,0.53,-25.35,-5.21,-20.14
2025-02-12,LCTX,3,51.4,0.64,0.52,-18.75,-8.61,-10.14
2025-02-20,LCTX,3,57.9,0.69,0.5,-27.54,-7.35,-20.18
2025-08-20,LCTX,3,64.9,1.19,1.55,30.25,3.78,26.47
2024-06-07,DARE,3,52.6,6.24,3.13,-49.84,4.42,-54.26
2024-11-06,DARE,3,59.4,3.92,3.2,-18.37,2.64,-21.01
2024-11-13,DARE,2,57.4,3.84,3.19,-16.82,1.2,-18.01
2025-06-09,DARE,3,63.9,3.12,2.44,-21.92,4.37,-26.29
2025-10-09,DARE,3,60.6,2.23,1.81,-18.83,-0.13,-18.71
2025-12-19,DARE,3,64.6,2.09,1.94,-7.18,0.71,-7.88
2024-08-06,EXAS,3,62.2,55.96,57.13,2.09,5.52,-3.42
2024-09-18,EXAS,3,63.4,69.21,70.62,2.04,4.04,-2.0
2024-09-25,EXAS,3,63.9,67.77,70.27,3.69,1.39,2.29
2025-05-23,EXAS,3,66.5,56.95,51.17,-10.15,5.09,-15.24
2025-10-02,EXAS,3,62.1,56.19,63.22,12.51,1.59,10.93
2025-11-06,EXAS,3,68.7,67.22,101.06,50.34,2.29,48.05
2024-05-23,HALO,3,68.5,43.92,52.06,18.53,3.52,15.01
2025-03-13,HALO,3,69.7,61.06,57.7,-5.5,-4.58,-0.92
2025-03-27,HALO,3,67.9,64.48,60.49,-6.19,-2.9,-3.29
2025-07-23,HALO,3,69.7,58.56,71.13,21.47,0.61,20.85
2025-07-30,HALO,3,60.4,60.08,73.18,21.8,1.92,19.89
2025-08-06,HALO,3,68.1,62.32,73.4,17.78,2.58,15.2
2025-11-28,HALO,3,60.8,71.4,68.95,-3.43,0.95,-4.38
2026-01-13,HALO,3,62.2,71.67,79.51,10.94,-0.26,11.2
2026-02-04,HALO,3,63.6,77.93,67.36,-13.56,-0.71,-12.85
2024-05-23,PCVX,3,57.2,69.27,75.78,9.4,3.52,5.87
2024-06-14,PCVX,3,63.4,72.94,83.24,14.12,4.4,9.72
2024-06-24,PCVX,3,61.5,75.78,83.95,10.78,2.03,8.75
2024-07-01,PCVX,3,63.8,76.94,79.9,3.85,-0.61,4.46
2024-08-20,PCVX,3,50.3,79.01,116.54,47.5,0.48,47.02
2025-06-16,PCVX,3,60.6,34.33,36.57,6.52,3.88,2.64
2025-07-09,PCVX,3,61.4,35.78,33.0,-7.77,1.4,-9.17
2025-07-16,PCVX,3,67.4,36.57,31.55,-13.73,3.31,-17.04
2025-07-23,PCVX,3,63.3,36.46,31.26,-14.26,0.61,-14.88
2025-11-13,PCVX,3,60.0,45.55,44.5,-2.31,1.45,-3.75
2025-11-20,PCVX,3,56.7,47.67,46.42,-2.62,4.61,-7.23
2025-12-29,PCVX,3,51.6,46.57,51.37,10.31,1.1,9.21
2026-01-21,PCVX,3,67.5,50.22,57.32,14.14,-0.13,14.27
2026-01-28,PCVX,3,63.8,51.37,60.0,16.8,-0.88,17.68
2026-02-04,PCVX,3,64.7,55.28,58.25,5.37,-0.71,6.08
2025-02-20,LEGN,3,58.2,38.92,37.72,-3.08,-7.35,4.27
2025-03-13,LEGN,3,44.9,38.05,31.28,-17.79,-4.58,-13.21
2025-03-20,LEGN,3,60.3,37.72,32.8,-13.04,-6.63,-6.41
2025-06-24,LEGN,3,67.4,34.3,44.32,29.21,4.52,24.69
2025-07-01,LEGN,3,43.9,36.29,40.41,11.35,2.72,8.63
2025-08-06,LEGN,2,27.5,37.66,34.99,-7.09,2.58,-9.67
2025-08-06,RCKT,2,38.6,3.02,3.23,6.95,2.58,4.37
2025-08-13,RCKT,2,44.8,3.09,3.28,6.15,1.98,4.17
2025-08-20,RCKT,3,69.4,3.75,3.17,-15.47,3.78,-19.25
2025-08-27,RCKT,3,55.8,3.32,3.19,-3.92,2.05,-5.96
2025-09-11,RCKT,2,26.8,3.28,3.67,11.89,2.34,9.55
2025-10-02,RCKT,3,51.9,3.21,3.7,15.26,1.59,13.68
2025-10-16,RCKT,3,66.7,4.0,3.17,-20.75,1.73,-22.48
2025-10-23,RCKT,3,60.5,3.74,2.84,-24.06,-2.86,-21.2
2026-01-06,RCKT,3,56.6,3.54,3.33,-5.93,-0.81,-5.12
2026-01-13,RCKT,3,60.3,3.8,3.24,-14.74,-0.26,-14.48
2024-07-16,BMRN,3,53.9,85.89,90.99,5.94,-4.04,9.98
2024-07-23,BMRN,3,58.0,84.43,93.84,11.15,0.89,10.26
2024-08-13,BMRN,3,66.8,90.99,84.78,-6.82,2.28,-9.11
2025-01-06,BMRN,3,55.2,67.07,64.19,-4.29,1.49,-5.78
2025-02-27,BMRN,3,65.9,69.12,72.83,5.37,-2.78,8.15
2025-07-30,BMRN,3,50.0,58.81,58.66,-0.26,1.92,-2.17
2025-08-06,BMRN,3,58.5,60.67,56.75,-6.46,2.58,-9.04
2025-11-28,BMRN,3,67.6,55.93,60.04,7.35,0.95,6.4
2025-12-29,BMRN,3,69.3,60.04,56.68,-5.6,1.1,-6.7
2026-02-04,BMRN,3,59.2,57.62,60.57,5.12,-0.71,5.83
2024-06-07,ALNY,3,56.2,152.78,254.74,66.74,4.42,62.32
2024-07-30,ALNY,2,22.0,233.81,280.26,19.87,3.61,16.26
2024-08-06,ALNY,3,67.0,262.56,253.14,-3.59,5.52,-9.1
2024-09-18,ALNY,3,45.0,273.15,300.55,10.03,4.04,5.99
2024-10-02,ALNY,3,65.3,271.55,281.49,3.66,1.96,1.7
2025-01-29,ALNY,3,68.5,273.99,237.1,-13.46,-2.78,-10.68
2025-02-05,ALNY,3,68.6,276.31,248.13,-10.2,-5.21,-4.98
2025-05-16,ALNY,3,63.6,285.31,308.78,8.23,1.43,6.8
2025-05-23,ALNY,3,59.2,289.96,325.0,12.08,5.09,7.0
2025-06-09,ALNY,3,62.7,304.0,320.87,5.55,4.37,1.18
2025-07-01,ALNY,3,68.0,322.06,339.8,5.51,2.72,2.79
2025-07-30,ALNY,3,64.7,339.8,454.18,33.66,1.92,31.74
2024-05-23,SRPT,2,26.2,127.13,163.85,28.88,3.52,25.36
2024-07-16,SRPT,2,24.9,148.98,133.46,-10.42,-4.04,-6.38
2025-01-06,SRPT,3,58.6,127.89,119.02,-6.94,1.49,-8.42
2025-08-27,SRPT,2,50.6,18.07,17.72,-1.94,2.05,-3.99
2025-09-25,SRPT,2,45.0,17.72,21.89,23.53,2.08,21.45
2025-12-29,SRPT,3,49.7,21.82,21.31,-2.34,1.1,-3.44
2024-07-16,IONS,3,62.7,49.84,46.91,-5.88,-4.04,-1.84
2025-05-16,IONS,3,67.3,33.56,35.24,5.01,1.43,3.58
2025-05-23,IONS,3,46.5,32.98,39.64,20.19,5.09,15.11
2025-06-09,IONS,3,68.2,36.76,42.83,16.51,4.37,12.14
2025-11-28,IONS,3,67.9,82.73,79.98,-3.32,0.95,-4.27
2026-01-28,IONS,3,46.6,81.92,80.6,-1.61,-0.88,-0.73
2026-02-04,IONS,3,67.9,84.99,75.16,-11.57,-0.71,-10.85
2024-07-30,NBIX,2,28.8,141.18,152.55,8.05,3.61,4.44
2024-08-27,NBIX,3,68.2,152.55,114.55,-24.91,1.82,-26.73
2024-11-13,NBIX,3,68.2,125.51,126.79,1.02,1.2,-0.18
2024-11-27,NBIX,3,55.3,126.59,139.44,10.15,-0.3,10.45
2024-12-05,NBIX,3,57.9,126.42,136.85,8.25,-1.53,9.78
2024-12-19,NBIX,3,68.9,134.96,146.76,8.74,3.82,4.92
2025-05-23,NBIX,3,64.1,120.18,128.18,6.66,5.09,1.57
2025-07-16,NBIX,3,61.8,133.48,131.62,-1.39,3.31,-4.7
2025-08-20,NBIX,3,64.8,133.23,145.66,9.33,3.78,5.55
2025-09-04,NBIX,3,68.7,140.4,136.74,-2.61,3.38,-5.99
2025-09-11,NBIX,3,64.2,143.6,138.47,-3.57,2.34,-5.91
2025-09-18,NBIX,3,60.8,145.66,137.52,-5.59,0.03,-5.62
2025-11-06,NBIX,3,67.8,154.8,155.51,0.46,2.29,-1.84
2025-11-28,NBIX,3,49.7,152.16,143.64,-5.6,0.95,-6.55
2025-12-05,NBIX,3,68.4,155.51,137.35,-11.68,1.19,-12.87
2024-08-20,CRNX,3,51.7,53.83,52.77,-1.97,0.48,-2.45
2024-08-27,CRNX,3,69.4,54.47,50.45,-7.38,1.82,-9.2
2024-09-18,CRNX,3,44.5,52.77,58.86,11.54,4.04,7.5
2024-11-13,CRNX,3,50.9,58.92,55.62,-5.6,1.2,-6.8
2025-06-09,CRNX,3,59.7,32.28,32.33,0.15,4.37,-4.22
2025-06-16,CRNX,2,62.2,31.2,31.9,2.24,3.88,-1.64
2025-09-11,CRNX,3,65.1,33.73,45.76,35.67,2.34,33.33
2025-09-18,CRNX,3,69.2,35.48,42.31,19.25,0.03,19.22
2025-10-02,CRNX,3,67.3,41.51,43.28,4.26,1.59,2.68
2025-12-05,CRNX,3,68.8,46.67,45.95,-1.54,1.19,-2.73
2026-01-13,CRNX,3,64.7,54.31,47.61,-12.34,-0.26,-12.08
2024-06-14,ARWR,3,55.2,25.84,29.54,14.32,4.4,9.92
2024-06-24,ARWR,3,61.7,27.24,28.78,5.65,2.03,3.62
2024-07-01,ARWR,3,57.3,26.05,28.59,9.75,-0.61,10.36
2024-07-16,ARWR,3,67.3,29.54,22.85,-22.63,-4.04,-18.59
2024-11-13,ARWR,3,68.8,21.63,22.14,2.36,1.2,1.16
2024-11-27,ARWR,3,67.6,26.15,18.96,-27.5,-0.3,-27.19
2024-12-05,ARWR,3,52.7,22.3,19.5,-12.56,-1.53,-11.02
2025-05-16,ARWR,3,67.7,15.71,15.7,-0.06,1.43,-1.49
2025-05-23,ARWR,3,58.6,15.13,15.96,5.49,5.09,0.4
2025-06-02,ARWR,3,67.0,16.4,16.09,-1.89,4.52,-6.41
2025-06-09,ARWR,3,57.1,16.57,18.88,13.94,4.37,9.57
2025-09-25,ARWR,3,59.9,31.66,37.35,17.97,2.08,15.89
2025-10-02,ARWR,3,69.7,34.6,42.31,22.28,1.59,20.7
2026-02-04,ARWR,3,54.3,68.06,63.6,-6.55,-0.71,-5.84
2024-09-11,APLS,2,43.5,38.36,26.9,-29.87,4.42,-34.29
2024-11-27,APLS,3,66.9,34.14,32.68,-4.28,-0.3,-3.97
2024-12-05,APLS,3,66.3,33.45,34.38,2.78,-1.53,4.31
2024-12-12,APLS,3,67.9,32.74,27.69,-15.42,-3.34,-12.09
2025-07-09,APLS,3,61.8,19.21,23.73,23.53,1.4,22.13
2025-07-16,APLS,3,60.3,19.75,26.58,34.58,3.31,31.27
2025-07-23,APLS,3,65.8,19.9,26.58,33.57,0.61,32.95
2025-12-29,APLS,3,61.6,25.17,23.07,-8.34,1.1,-9.44
2024-10-16,AFRM,3,65.4,47.97,54.82,14.28,2.56,11.72
2024-11-06,AFRM,3,66.0,50.0,68.35,36.7,2.64,34.06
2024-11-13,AFRM,3,69.9,54.82,68.77,25.45,1.2,24.25
2025-02-20,AFRM,3,66.8,74.61,47.95,-35.73,-7.35,-28.38
2025-05-16,AFRM,3,55.2,52.57,60.85,15.75,1.43,14.32
2025-07-01,AFRM,3,64.6,67.1,67.43,0.49,2.72,-2.23
2025-08-06,AFRM,3,68.4,77.28,89.66,16.02,2.58,13.44
2025-08-13,AFRM,3,69.5,77.71,81.41,4.76,1.98,2.79
2025-09-04,AFRM,3,65.2,89.66,77.43,-13.64,3.38,-17.02
2025-09-18,AFRM,3,61.0,89.91,69.07,-23.18,0.03,-23.21
2025-12-29,AFRM,3,63.4,75.51,65.36,-13.44,1.1,-14.54
2024-06-07,UPST,2,45.9,24.59,24.24,-1.42,4.42,-5.84
2024-07-23,UPST,3,67.5,27.63,38.38,38.91,0.89,38.02
2024-08-20,UPST,3,67.1,38.38,38.31,-0.18,0.48,-0.67
2024-10-09,UPST,3,60.4,43.03,53.98,25.45,2.41,23.04
2024-11-13,UPST,3,65.2,67.8,77.08,13.69,1.2,12.49
2025-02-20,UPST,3,60.7,79.21,49.7,-37.26,-7.35,-29.9
2025-05-16,UPST,2,50.0,48.08,55.06,14.52,1.43,13.09
2025-06-16,UPST,3,67.1,55.06,76.96,39.77,3.88,35.89
2025-07-01,UPST,3,66.1,68.14,83.32,22.28,2.72,19.56
2025-12-19,UPST,3,59.1,47.59,46.09,-3.15,0.71,-3.86
2025-12-29,UPST,2,48.9,46.57,43.17,-7.31,1.1,-8.41
2026-01-06,UPST,3,62.4,50.68,37.92,-25.18,-0.81,-24.37
2024-10-30,LMND,3,67.4,18.75,49.16,162.19,3.24,158.94
2024-12-12,LMND,2,29.5,40.21,31.27,-22.23,-3.34,-18.89
2024-12-19,LMND,2,24.3,38.1,31.68,-16.85,3.82,-20.67
2025-06-02,LMND,3,62.8,35.84,43.66,21.82,4.52,17.3
2025-08-06,LMND,3,68.5,51.07,50.7,-0.72,2.58,-3.31
2025-09-04,LMND,2,28.1,50.7,53.3,5.13,3.38,1.75
2025-09-18,LMND,3,58.8,57.3,47.55,-17.02,0.03,-17.05
2025-11-13,LMND,3,66.2,69.98,77.85,11.25,1.45,9.8
2025-11-28,LMND,3,54.4,78.12,71.32,-8.7,0.95,-9.65
2026-01-13,LMND,3,48.5,81.42,68.49,-15.88,-0.26,-15.62
2026-01-21,LMND,3,69.9,85.36,61.67,-27.75,-0.13,-27.62
2026-01-28,LMND,3,61.5,92.06,55.17,-40.07,-0.88,-39.19
2024-12-05,OPEN,3,63.8,2.15,1.72,-20.0,-1.53,-18.47
2025-07-30,OPEN,3,64.1,2.07,4.02,94.2,1.92,92.28
2025-08-20,OPEN,3,67.5,3.22,9.94,208.7,3.78,204.91
2025-08-27,OPEN,3,69.1,4.02,9.09,126.12,2.05,124.07
2024-08-13,PYPL,3,66.1,64.76,68.98,6.51,2.28,4.23
2024-08-20,PYPL,3,65.8,71.51,72.73,1.71,0.48,1.23
2024-09-25,PYPL,3,65.9,76.95,80.4,4.49,1.39,3.09
2024-10-09,PYPL,3,65.1,81.22,80.98,-0.29,2.41,-2.7
2024-11-13,PYPL,3,63.5,86.85,88.92,2.39,1.2,1.2
2024-11-20,PYPL,3,65.8,84.29,86.32,2.41,-0.75,3.15
2024-11-27,PYPL,3,67.1,86.11,86.4,0.33,-0.3,0.64
2024-12-05,PYPL,3,62.6,88.57,89.05,0.54,-1.53,2.08
2024-12-12,PYPL,3,64.3,88.92,86.72,-2.48,-3.34,0.86
2025-01-22,PYPL,3,59.8,89.37,77.22,-13.6,0.65,-14.25
2025-01-29,PYPL,3,51.9,88.29,70.35,-20.31,-2.78,-17.53
2025-06-09,PYPL,3,56.3,73.16,74.43,1.74,4.37,-2.63
2025-07-01,PYPL,3,51.5,74.89,69.34,-7.41,2.72,-10.13
2025-07-09,PYPL,3,66.1,74.43,69.05,-7.23,1.4,-8.63
2025-07-23,PYPL,3,51.2,76.25,67.72,-11.19,0.61,-11.81
2024-08-20,LC,3,36.8,11.27,10.94,-2.93,0.48,-3.41
2024-10-23,LC,3,65.7,12.46,15.11,21.27,2.16,19.1
2024-11-06,LC,3,69.8,15.43,15.69,1.69,2.64,-0.96
2024-11-13,LC,3,65.6,15.55,16.33,5.02,1.2,3.82
2024-11-27,LC,3,69.1,16.49,16.71,1.33,-0.3,1.64
2025-01-22,LC,3,55.3,17.09,13.59,-20.48,0.65,-21.13
2025-05-16,LC,3,46.2,10.64,11.04,3.76,1.43,2.33
2025-06-09,LC,3,52.3,10.7,12.5,16.82,4.37,12.45
2025-06-16,LC,3,64.7,11.04,12.66,14.67,3.88,10.79
2025-06-24,LC,3,66.8,11.55,13.41,16.1,4.52,11.58
2025-07-23,LC,3,68.3,13.41,15.18,13.2,0.61,12.58
2025-08-27,LC,3,67.0,16.81,16.64,-1.01,2.05,-3.06
2025-11-06,LC,3,65.4,18.0,19.43,7.94,2.29,5.65
2025-11-28,LC,3,49.6,18.1,19.52,7.85,0.95,6.9
2025-12-05,LC,3,68.9,19.43,19.98,2.83,1.19,1.64
2024-05-23,NU,3,48.1,11.57,11.86,2.51,3.52,-1.02
2024-05-31,NU,3,51.4,11.88,12.36,4.04,3.74,0.3
2024-06-24,NU,3,51.9,11.86,12.87,8.52,2.03,6.48
2024-07-01,NU,3,58.4,12.36,12.02,-2.75,-0.61,-2.14
2024-07-09,NU,3,68.7,13.15,11.06,-15.89,-6.06,-9.84
2024-09-04,NU,3,61.5,14.24,13.22,-7.16,3.57,-10.73
2024-09-18,NU,3,56.6,14.85,14.11,-4.98,4.04,-9.02
2024-11-13,NU,3,57.6,15.64,11.99,-23.34,1.2,-24.53
2025-06-09,NU,2,28.0,11.92,13.64,14.43,4.37,10.06
2025-06-24,NU,3,66.0,13.43,12.96,-3.5,4.52,-8.02
2025-07-01,NU,3,66.7,13.64,12.62,-7.48,2.72,-10.2
2025-10-23,NU,3,57.5,15.9,15.32,-3.65,-2.86,-0.79
2025-10-30,NU,3,67.8,16.06,17.39,8.28,0.52,7.76
2025-11-06,NU,3,66.3,15.94,16.7,4.77,2.29,2.47
2025-11-28,NU,3,65.8,17.39,16.66,-4.2,0.95,-5.15
2025-12-05,NU,3,59.2,16.7,17.86,6.95,1.19,5.76
2026-01-06,NU,3,67.4,17.86,17.02,-4.7,-0.81,-3.89
2026-01-28,NU,3,68.3,18.76,15.06,-19.72,-0.88,-18.84
2024-06-14,PAYO,2,20.2,5.47,5.53,1.1,4.4,-3.31
2025-02-05,PAYO,3,61.2,11.04,7.81,-29.26,-5.21,-24.04
2025-06-09,PAYO,2,42.3,6.98,6.89,-1.29,4.37,-5.66
2025-12-19,PAYO,3,55.3,5.8,5.47,-5.69,0.71,-6.4
2026-02-04,PAYO,3,66.8,6.04,4.85,-19.7,-0.71,-18.99
2024-05-23,GNRC,3,64.0,144.14,138.41,-3.98,3.52,-7.5
2024-08-20,GNRC,3,45.7,152.06,143.14,-5.87,0.48,-6.35
2024-10-16,GNRC,3,69.8,174.21,191.04,9.66,2.56,7.1
2025-05-23,GNRC,3,61.7,123.55,135.98,10.06,5.09,4.97
2025-06-09,GNRC,3,49.0,128.46,150.92,17.48,4.37,13.11
2025-06-24,GNRC,3,65.8,135.98,152.92,12.46,4.52,7.94
2025-09-04,GNRC,2,23.2,178.18,169.99,-4.6,3.38,-7.98
2026-02-04,GNRC,3,68.1,177.18,218.81,23.5,-0.71,24.21
2024-08-20,BLDR,3,46.8,164.15,194.52,18.5,0.48,18.02
2025-07-01,BLDR,3,62.1,126.91,126.11,-0.63,2.72,-3.35
2025-07-16,BLDR,3,64.3,126.0,144.4,14.6,3.31,11.29
2025-08-13,BLDR,3,62.2,144.4,146.56,1.5,1.98,-0.48
2025-08-27,BLDR,3,60.3,141.76,116.91,-17.53,2.05,-19.58
2025-09-11,BLDR,3,63.6,146.56,127.76,-12.83,2.34,-15.17
2024-10-09,STRL,3,62.5,154.09,175.42,13.84,2.41,11.43
2024-11-27,STRL,3,65.8,195.41,172.52,-11.71,-0.3,-11.41
2025-08-13,STRL,3,67.0,292.47,316.16,8.1,1.98,6.12
2025-09-25,STRL,3,69.9,338.44,353.8,4.54,2.08,2.46
2025-10-30,STRL,3,61.3,379.03,344.31,-9.16,0.52,-9.68
2025-11-06,STRL,3,57.3,388.68,325.1,-16.36,2.29,-18.65
2026-02-04,STRL,3,62.4,360.16,398.87,10.75,-0.71,11.46
2024-11-13,ATKR,3,58.7,89.88,84.64,-5.83,1.2,-7.02
2024-11-27,ATKR,3,35.1,90.55,81.31,-10.2,-0.3,-9.9
2024-12-05,ATKR,2,47.9,87.64,84.49,-3.59,-1.53,-2.06
2025-06-24,ATKR,3,56.5,68.8,76.74,11.55,4.52,7.03
2025-07-01,ATKR,3,61.1,72.54,76.47,5.43,2.72,2.71
2025-07-23,ATKR,3,57.7,76.74,56.11,-26.88,0.61,-27.49
2025-07-30,ATKR,3,54.6,76.47,59.05,-22.78,1.92,-24.7
2025-10-09,ATKR,3,66.1,62.78,65.88,4.94,-0.13,5.06
2025-10-16,ATKR,3,69.0,65.73,64.18,-2.36,1.73,-4.09
2025-10-23,ATKR,3,61.7,67.25,57.36,-14.71,-2.86,-11.84
2025-11-28,ATKR,3,52.3,66.28,63.82,-3.71,0.95,-4.66
2026-01-13,ATKR,3,65.8,68.81,66.97,-2.68,-0.26,-2.41
2024-05-23,UFPI,3,54.7,115.48,113.38,-1.81,3.52,-5.34
2024-08-20,UFPI,2,29.6,115.7,125.98,8.89,0.48,8.41
2024-08-27,UFPI,3,58.1,118.71,126.48,6.55,1.82,4.73
2024-10-09,UFPI,3,61.6,134.31,133.75,-0.42,2.41,-2.82
2024-10-16,UFPI,3,66.8,134.14,129.01,-3.82,2.56,-6.38
2024-11-13,UFPI,3,51.0,129.01,125.91,-2.41,1.2,-3.6
2025-08-13,UFPI,3,56.1,105.15,101.66,-3.32,1.98,-5.29
2025-12-19,UFPI,3,52.7,92.89,107.3,15.51,0.71,14.8
2025-12-29,UFPI,3,59.0,92.28,102.17,10.72,1.1,9.62
2026-01-06,UFPI,3,59.9,94.54,112.9,19.43,-0.81,20.24
2026-02-04,UFPI,3,68.6,112.9,96.66,-14.39,-0.71,-13.68
2024-10-16,CLF,3,58.0,13.05,11.92,-8.66,2.56,-11.22
2024-10-23,CLF,2,52.9,13.0,11.66,-10.31,2.16,-12.47
2025-02-20,CLF,3,60.3,11.98,9.53,-20.45,-7.35,-13.1
2025-07-09,CLF,3,65.9,8.85,9.37,5.88,1.4,4.48
2025-07-30,CLF,3,57.1,10.49,10.79,2.86,1.92,0.94
2025-09-18,CLF,3,56.9,11.43,13.56,18.64,0.03,18.6
2025-09-25,CLF,3,59.0,12.07,13.06,8.2,2.08,6.12
2025-10-02,CLF,3,62.7,12.7,12.26,-3.46,1.59,-5.05
2025-10-16,CLF,3,60.8,13.56,10.51,-22.49,1.73,-24.22
2025-12-19,CLF,3,55.7,13.22,14.63,10.67,0.71,9.96
2025-12-29,CLF,3,66.3,13.49,14.05,4.15,1.1,3.05
2026-01-21,CLF,3,61.4,14.63,10.27,-29.8,-0.13,-29.67
2026-01-28,CLF,3,67.4,14.05,11.05,-21.35,-0.88,-20.47
2024-05-23,AA,3,66.3,40.3,39.82,-1.19,3.52,-4.72
2024-10-09,AA,3,62.4,37.86,44.79,18.29,2.41,15.88
2024-10-16,AA,3,63.0,41.44,40.08,-3.28,2.56,-5.84
2024-11-20,AA,3,67.7,45.16,36.16,-19.94,-0.75,-19.19
2024-11-27,AA,3,50.6,45.3,37.2,-17.87,-0.3,-17.57
2025-06-09,AA,3,43.5,28.39,30.39,7.07,4.37,2.7
2025-06-16,AA,3,56.7,28.83,28.39,-1.55,3.88,-5.43
2025-07-01,AA,3,58.0,30.02,29.94,-0.26,2.72,-2.99
2025-07-09,AA,3,58.3,30.39,29.37,-3.37,1.4,-4.77
2025-07-23,AA,3,52.9,31.9,29.25,-8.32,0.61,-8.93
2025-08-13,AA,3,49.9,31.64,32.2,1.76,1.98,-0.21
2025-08-27,AA,3,60.0,31.71,31.37,-1.1,2.05,-3.15
2025-09-04,AA,3,49.7,31.21,34.74,11.31,3.38,7.93
2025-09-11,AA,3,67.8,32.2,36.9,14.59,2.34,12.25
2025-09-18,AA,3,55.5,32.63,37.03,13.48,0.03,13.45
2025-10-02,AA,3,59.3,34.74,36.66,5.54,1.59,3.96
2025-10-09,AA,3,69.8,36.9,36.7,-0.54,-0.13,-0.42
2025-10-16,AA,3,66.4,37.03,38.19,3.13,1.73,1.41
2025-10-23,AA,3,63.4,40.03,35.83,-10.5,-2.86,-7.63
2025-11-28,AA,3,62.8,41.74,53.77,28.82,0.95,27.87
2024-05-23,MP,3,61.0,16.88,13.39,-20.68,3.52,-24.2
2024-10-09,MP,3,68.2,17.15,19.68,14.75,2.41,12.34
2024-10-16,MP,3,65.3,19.0,19.12,0.63,2.56,-1.93
2024-11-27,MP,3,55.4,20.84,16.46,-21.02,-0.3,-20.71
2024-12-05,MP,3,56.8,20.01,20.46,2.25,-1.53,3.78
2025-01-29,MP,3,50.9,20.68,23.46,13.44,-2.78,16.23
2025-02-12,MP,3,64.5,24.15,24.38,0.95,-8.61,9.56
2025-03-20,MP,3,59.9,26.25,26.35,0.38,-6.63,7.01
2025-04-17,MP,3,50.9,26.35,21.31,-19.13,12.88,-32.0
2025-09-04,MP,2,28.5,64.18,70.96,10.56,3.38,7.18
2025-09-18,MP,3,46.8,72.13,83.84,16.23,0.03,16.2
2025-10-09,MP,3,48.6,72.29,51.95,-28.14,-0.13,-28.01
2025-10-16,MP,3,63.7,83.84,57.54,-31.37,1.73,-33.09
2026-01-28,MP,3,56.2,67.01,60.0,-10.46,-0.88,-9.58
2024-10-09,LAC,3,58.9,2.69,3.95,46.84,2.41,44.43
2024-10-16,LAC,3,63.6,3.29,4.22,28.27,2.56,25.71
2024-10-23,LAC,3,63.1,3.18,3.65,14.78,2.16,12.62
2024-11-06,LAC,3,62.0,3.95,3.53,-10.63,2.64,-13.28
2025-07-23,LAC,3,68.6,3.28,2.73,-16.77,0.61,-17.38
2025-08-13,LAC,3,42.5,2.95,2.84,-3.73,1.98,-5.7
2025-09-18,LAC,3,61.1,3.22,7.39,129.5,0.03,129.47
2025-10-16,LAC,3,54.6,7.39,4.6,-37.75,1.73,-39.48
2026-01-28,LAC,3,56.5,6.01,5.15,-14.31,-0.88,-13.43
2024-10-02,ALB,3,59.3,91.8,93.21,1.54,1.96,-0.42
2024-10-09,ALB,3,66.0,99.46,94.25,-5.24,2.41,-7.65
2024-11-13,ALB,3,64.0,105.58,100.8,-4.52,1.2,-5.72
2024-11-20,ALB,3,64.7,106.9,87.11,-18.51,-0.75,-17.77
2024-11-27,ALB,3,59.1,105.37,86.5,-17.91,-0.3,-17.61
2025-06-16,ALB,3,56.4,60.45,69.82,15.5,3.88,11.62
2025-07-01,ALB,3,47.8,62.37,68.31,9.52,2.72,6.8
2025-07-16,ALB,3,66.8,69.82,80.98,15.99,3.31,12.68
2025-07-23,ALB,3,65.4,78.13,77.46,-0.85,0.61,-1.47
2025-08-13,ALB,3,46.7,80.98,74.42,-8.11,1.98,-10.08
2025-08-20,ALB,3,67.8,77.46,80.69,4.16,3.78,0.37
2025-09-25,ALB,3,56.7,84.57,97.07,14.77,2.08,12.69
2025-10-02,ALB,3,68.8,87.35,97.6,11.73,1.59,10.15
2025-10-16,ALB,3,58.3,95.0,114.23,20.23,1.73,18.51
2025-11-13,ALB,3,59.2,114.23,132.74,16.21,1.45,14.76
2025-11-20,ALB,3,65.8,116.07,145.88,25.68,4.61,21.07
2025-12-12,ALB,3,69.1,132.74,176.88,33.25,2.06,31.19
2026-01-28,ALB,3,64.6,184.33,184.93,0.33,-0.88,1.21
2024-06-14,DKS,3,67.9,209.17,219.02,4.71,4.4,0.31
2024-06-24,DKS,3,59.8,222.23,197.9,-10.95,2.03,-12.98
2024-07-16,DKS,3,51.0,219.02,208.17,-4.95,-4.04,-0.91
2024-09-25,DKS,2,52.1,209.17,199.96,-4.41,1.39,-5.8
2024-12-12,DKS,3,63.3,212.75,215.59,1.34,-3.34,4.68
2024-12-19,DKS,3,59.2,212.58,231.02,8.67,3.82,4.85
2024-12-27,DKS,3,67.0,228.69,239.94,4.92,1.14,3.78
2025-01-29,DKS,3,65.7,239.94,216.71,-9.68,-2.78,-6.9
2025-07-16,DKS,3,65.5,199.65,223.52,11.96,3.31,8.65
2025-07-23,DKS,3,63.6,214.44,220.48,2.81,0.61,2.2
2025-08-13,DKS,3,63.9,223.52,228.43,2.19,1.98,0.22
2025-08-20,DKS,3,61.6,220.48,225.94,2.48,3.78,-1.31
2025-09-11,DKS,3,57.0,228.43,222.57,-2.57,2.34,-4.91
2025-09-18,DKS,3,61.7,225.94,229.08,1.39,0.03,1.36
2025-09-25,DKS,3,54.2,223.97,226.59,1.17,2.08,-0.91
2025-10-02,DKS,3,57.0,229.11,219.52,-4.18,1.59,-5.77
2025-10-16,DKS,3,51.4,229.08,218.87,-4.46,1.73,-6.18
2024-05-23,ONON,3,67.7,38.41,39.03,1.61,3.52,-1.91
2024-07-01,ONON,2,23.5,38.03,38.82,2.08,-0.61,2.69
2024-08-20,ONON,3,51.0,41.73,50.94,22.07,0.48,21.59
2024-09-04,ONON,3,69.3,45.7,49.21,7.68,3.57,4.11
2024-09-18,ONON,3,69.2,50.94,49.13,-3.55,4.04,-7.59
2025-01-22,ONON,3,61.0,58.56,51.21,-12.55,0.65,-13.2
2025-06-16,ONON,2,15.8,53.01,52.88,-0.25,3.88,-4.13
2025-06-24,ONON,2,22.2,52.46,51.64,-1.56,4.52,-6.08
2025-12-19,ONON,3,67.6,48.57,46.3,-4.67,0.71,-5.38
2024-08-20,BIRD,3,69.4,14.64,12.35,-15.64,0.48,-16.13
2024-08-27,BIRD,3,69.1,15.2,12.49,-17.83,1.82,-19.65
2025-05-23,BIRD,3,65.9,6.6,9.57,45.0,5.09,39.91
2025-06-02,BIRD,3,67.9,6.99,10.95,56.76,4.52,52.25
2025-06-16,BIRD,3,68.0,11.03,11.57,4.9,3.88,1.02
2025-11-06,BIRD,3,56.8,7.61,5.0,-34.3,2.29,-36.59
2024-05-31,CROX,3,68.2,155.64,147.75,-5.07,3.74,-8.81
2024-06-14,CROX,3,62.3,156.98,136.1,-13.3,4.4,-17.7
2024-09-04,CROX,3,58.9,138.92,140.8,1.35,3.57,-2.21
2024-09-18,CROX,3,45.8,139.81,137.54,-1.62,4.04,-5.66
2024-09-25,CROX,3,60.3,143.04,131.29,-8.21,1.39,-9.61
2024-10-02,CROX,3,68.9,140.8,109.0,-22.59,1.96,-24.55
2025-01-06,CROX,3,50.6,112.07,97.0,-13.45,1.49,-14.94
2025-03-27,CROX,3,65.5,110.59,97.68,-11.67,-2.9,-8.77
2025-12-12,CROX,3,67.2,89.91,85.37,-5.05,2.06,-7.11
2025-12-19,CROX,3,56.6,89.31,85.27,-4.52,0.71,-5.23
2024-08-20,SHAK,3,63.6,101.28,103.86,2.55,0.48,2.06
2024-08-27,SHAK,3,67.2,107.42,105.75,-1.55,1.82,-3.38
2024-09-18,SHAK,3,48.4,103.86,109.44,5.37,4.04,1.33
2024-10-09,SHAK,3,51.3,108.03,133.16,23.26,2.41,20.85
2024-10-16,SHAK,3,57.1,109.44,127.63,16.62,2.56,14.06
2024-11-27,SHAK,3,50.8,132.35,132.55,0.15,-0.3,0.45
2025-07-01,SHAK,3,69.4,138.38,140.91,1.83,2.72,-0.89
2024-06-07,BROS,3,56.0,37.97,41.25,8.64,4.42,4.22
2024-06-14,BROS,3,66.2,38.12,42.46,11.39,4.4,6.98
2024-07-01,BROS,3,59.8,41.85,38.39,-8.27,-0.61,-7.66
2024-10-16,BROS,3,62.4,34.86,47.45,36.12,2.56,33.56
2024-10-23,BROS,3,69.2,34.76,52.62,51.38,2.16,49.22
2024-10-30,BROS,2,62.9,33.08,53.15,60.67,3.24,57.43
2025-01-06,BROS,3,64.2,57.78,65.7,13.71,1.49,12.22
2025-01-14,BROS,3,62.5,59.08,64.71,9.53,3.64,5.89
2025-05-23,BROS,3,62.1,67.89,70.39,3.68,5.09,-1.41
2025-06-02,BROS,3,53.9,71.76,67.1,-6.49,4.52,-11.01
2025-06-09,BROS,3,53.4,73.38,66.32,-9.62,4.37,-13.99
2025-09-04,BROS,3,69.0,71.43,52.33,-26.74,3.38,-30.12
2025-11-28,BROS,3,60.7,58.61,64.48,10.02,0.95,9.07
2025-12-05,BROS,3,61.2,58.43,63.26,8.27,1.19,7.08
2025-12-12,BROS,3,69.3,61.16,61.0,-0.26,2.06,-2.32
2025-12-19,BROS,3,69.5,64.83,61.18,-5.63,0.71,-6.34
2025-03-13,CELH,5,25.6,26.63,36.53,37.18,-4.58,41.76
2025-06-09,CELH,3,67.2,42.28,46.1,9.04,4.37,4.66
2025-07-01,CELH,3,67.7,46.0,46.54,1.17,2.72,-1.55
2025-07-30,CELH,3,59.5,46.54,59.76,28.41,1.92,26.49
2025-10-02,CELH,3,53.2,58.9,60.13,2.09,1.59,0.5
2024-07-09,FRPT,2,49.4,129.43,127.06,-1.83,-6.06,4.23
2024-08-27,FRPT,3,65.6,135.62,140.23,3.4,1.82,1.58
2024-09-04,FRPT,3,65.5,138.89,135.6,-2.37,3.57,-5.94
2024-09-18,FRPT,3,62.9,140.92,142.06,0.81,4.04,-3.23
2024-10-16,FRPT,3,63.2,142.06,153.73,8.21,2.56,5.66
2025-11-06,FRPT,3,58.4,56.0,62.05,10.8,2.29,8.51
2025-11-13,FRPT,2,48.5,53.44,63.42,18.68,1.45,17.23
2025-11-28,FRPT,3,59.6,57.16,63.04,10.29,0.95,9.34
2025-12-19,FRPT,3,67.4,62.61,69.86,11.58,0.71,10.87
2024-06-07,ELF,3,60.1,177.63,206.42,16.21,4.42,11.79
2024-06-14,ELF,3,50.8,192.63,189.02,-1.87,4.4,-6.28
2024-06-24,ELF,3,54.8,204.19,177.43,-13.11,2.03,-15.14
2024-07-01,ELF,3,61.7,204.16,170.29,-16.59,-0.61,-15.98
2024-11-13,ELF,3,62.1,122.96,131.51,6.95,1.2,5.76
2024-11-20,ELF,3,62.0,119.0,129.09,8.48,-0.75,9.22
2024-11-27,ELF,3,60.0,127.15,127.76,0.48,-0.3,0.78
2024-12-05,ELF,3,58.6,131.23,125.73,-4.19,-1.53,-2.66
2024-12-12,ELF,3,57.9,131.51,131.48,-0.02,-3.34,3.32
2025-01-06,ELF,2,25.7,125.73,87.32,-30.55,1.49,-32.04
2025-07-16,ELF,2,28.4,108.51,122.92,13.28,3.31,9.97
2025-07-30,ELF,3,59.7,123.28,124.9,1.31,1.92,-0.6
2025-09-04,ELF,3,63.1,133.72,135.91,1.64,3.38,-1.74
2025-10-09,ELF,3,57.8,144.97,76.54,-47.2,-0.13,-47.08
2024-05-23,CAVA,3,63.2,77.6,90.9,17.14,3.52,13.62
2024-09-04,CAVA,3,65.5,113.97,122.92,7.85,3.57,4.29
2024-09-11,CAVA,3,66.2,121.25,131.86,8.75,4.42,4.33
2024-10-16,CAVA,3,65.3,134.16,147.3,9.79,2.56,7.24
2024-11-13,CAVA,3,63.0,147.3,125.37,-14.89,1.2,-16.08
2024-12-05,CAVA,3,68.0,150.5,118.88,-21.01,-1.53,-19.48
2025-02-12,CAVA,2,56.6,130.3,74.07,-43.15,-8.61,-34.55
2025-05-02,CAVA,3,61.0,96.65,81.25,-15.93,4.58,-20.51
2025-05-16,CAVA,3,58.1,96.81,74.5,-23.05,1.43,-24.47
2025-07-23,CAVA,3,67.6,91.69,68.55,-25.24,0.61,-25.85
2024-10-09,AR,3,59.6,28.61,28.65,0.14,2.41,-2.27
2024-11-13,AR,3,66.6,31.19,33.05,5.96,1.2,4.77
2024-12-27,AR,3,63.2,33.3,37.35,12.16,1.14,11.02
2025-01-06,AR,3,67.5,36.01,39.6,9.97,1.49,8.48
2025-04-03,AR,2,55.1,38.79,35.76,-7.81,5.6,-13.41
2025-06-16,AR,3,58.6,42.13,36.21,-14.05,3.88,-17.93
2025-06-24,AR,3,69.4,42.35,32.56,-23.12,4.52,-27.64
2025-10-02,AR,3,52.6,33.49,30.03,-10.33,1.59,-11.92
2025-10-09,AR,3,62.7,33.6,32.63,-2.89,-0.13,-2.76
2025-11-20,AR,3,61.9,33.32,34.02,2.1,4.61,-2.51
2025-11-28,AR,3,63.1,36.43,34.61,-5.0,0.95,-5.95
2025-12-05,AR,3,60.1,36.75,32.29,-12.14,1.19,-13.33
2024-10-09,RRC,3,52.0,30.42,32.43,6.63,2.41,4.22
2024-10-30,RRC,3,53.2,31.12,35.17,13.02,3.24,9.78
2024-11-06,RRC,3,69.7,32.43,34.09,5.12,2.64,2.48
2024-11-13,RRC,3,65.5,33.51,35.64,6.37,1.2,5.17
2025-01-06,RRC,3,59.5,36.45,38.56,5.79,1.49,4.3
2025-02-20,RRC,3,60.8,39.29,39.98,1.76,-7.35,9.11
2025-06-16,RRC,3,61.2,41.53,37.65,-9.34,3.88,-13.22
2025-06-24,RRC,3,64.7,41.72,35.54,-14.81,4.52,-19.33
2025-09-25,RRC,3,68.9,37.23,37.41,0.48,2.08,-1.6
2025-10-02,RRC,3,67.6,38.47,34.51,-10.29,1.59,-11.88
2025-11-13,RRC,3,52.3,37.93,36.41,-4.0,1.45,-5.44
2025-11-20,RRC,3,67.7,38.1,34.51,-9.41,4.61,-14.02
2025-11-28,RRC,3,63.3,39.39,35.86,-8.97,0.95,-9.92
2025-12-05,RRC,3,58.2,39.5,34.16,-13.52,1.19,-14.71
2024-09-25,EQT,3,68.4,34.5,35.51,2.93,1.39,1.53
2024-10-09,EQT,3,62.7,35.86,39.62,10.48,2.41,8.07
2024-10-30,EQT,3,64.5,37.85,44.62,17.89,3.24,14.65
2024-11-06,EQT,3,64.1,39.62,43.8,10.54,2.64,7.9
2025-01-06,EQT,3,59.7,46.94,52.17,11.15,1.49,9.66
2025-04-03,EQT,3,55.7,51.48,51.24,-0.46,5.6,-6.06
2025-05-16,EQT,3,68.9,55.37,57.66,4.14,1.43,2.71
2025-05-23,EQT,3,63.3,55.12,59.81,8.51,5.09,3.42
2025-06-24,EQT,3,63.4,59.81,51.5,-13.89,4.52,-18.41
2025-07-16,EQT,3,54.2,58.66,51.18,-12.74,3.31,-16.06
2025-11-06,EQT,3,59.7,56.12,60.51,7.82,2.29,5.52
2025-12-05,EQT,3,52.4,60.51,53.26,-11.98,1.19,-13.17
2024-05-31,CTRA,3,57.9,27.09,25.21,-6.94,3.74,-10.68
2024-11-13,CTRA,3,64.5,24.54,24.79,1.02,1.2,-0.17
2024-12-12,CTRA,2,28.6,24.79,27.88,12.47,-3.34,15.81
2025-06-16,CTRA,3,66.1,26.03,23.77,-8.68,3.88,-12.56
2025-06-24,CTRA,3,67.7,26.34,23.01,-12.64,4.52,-17.17
2025-07-09,CTRA,2,27.3,24.7,23.83,-3.54,1.4,-4.94
2025-09-18,CTRA,2,45.8,23.89,22.39,-6.27,0.03,-6.3
2025-12-05,CTRA,3,60.2,27.39,25.07,-8.47,1.19,-9.66
2024-11-06,OVV,3,53.8,40.44,41.11,1.67,2.64,-0.97
2024-11-13,OVV,3,62.6,40.67,39.79,-2.16,1.2,-3.35
2024-11-27,OVV,3,67.3,43.83,37.54,-14.35,-0.3,-14.04
2025-02-20,OVV,3,56.1,44.2,41.2,-6.79,-7.35,0.57
2025-06-09,OVV,3,61.0,37.96,39.91,5.13,4.37,0.76
2025-07-30,OVV,3,56.7,41.65,40.87,-1.89,1.92,-3.81
2025-09-04,OVV,3,65.4,41.98,39.27,-6.47,3.38,-9.85
2025-09-11,OVV,3,64.5,41.75,38.86,-6.93,2.34,-9.27
2025-09-18,OVV,3,51.5,41.69,36.17,-13.24,0.03,-13.27
2025-09-25,OVV,3,61.6,42.39,37.7,-11.07,2.08,-13.16
2025-12-05,OVV,3,67.3,41.97,37.73,-10.09,1.19,-11.28
2024-07-16,FANG,3,67.6,198.69,186.41,-6.18,-4.04,-2.14
2025-06-09,FANG,3,54.9,139.32,139.31,-0.01,4.37,-4.38
2025-06-16,FANG,3,67.0,148.04,133.77,-9.64,3.88,-13.52
2025-07-30,FANG,3,62.8,148.01,145.19,-1.91,1.92,-3.83
2025-09-04,FANG,3,53.7,140.92,141.37,0.32,3.38,-3.07
2025-10-09,FANG,3,58.3,142.37,138.98,-2.39,-0.13,-2.26
2025-10-23,FANG,3,49.4,145.29,145.38,0.06,-2.86,2.92
2025-11-13,FANG,3,49.2,143.52,155.75,8.52,1.45,7.07
2025-11-20,FANG,3,56.0,145.38,147.25,1.29,4.61,-3.32
2025-11-28,FANG,3,67.1,151.68,147.69,-2.63,0.95,-3.58
2025-12-05,FANG,3,68.7,157.66,143.61,-8.91,1.19,-10.1
2026-02-04,FANG,3,69.0,167.99,179.04,6.58,-0.71,7.29
2024-11-06,PR,3,55.9,13.81,14.62,5.85,2.64,3.21
2024-11-13,PR,3,66.9,14.34,14.13,-1.47,1.2,-2.66
2024-11-27,PR,3,62.6,14.93,13.26,-11.16,-0.3,-10.86
2025-06-09,PR,3,58.2,13.34,13.84,3.73,4.37,-0.65
2025-06-24,PR,3,64.5,13.7,13.22,-3.5,4.52,-8.02
2025-07-30,PR,3,51.2,13.96,13.84,-0.84,1.92,-2.76
2026-01-21,PR,3,56.3,14.63,17.88,22.21,-0.13,22.35
2024-05-31,CHRD,3,64.5,170.88,156.36,-8.49,3.74,-12.24
2025-06-09,CHRD,3,58.0,94.9,104.07,9.67,4.37,5.3
2025-06-24,CHRD,3,55.0,95.88,106.41,10.98,4.52,6.46
2025-07-09,CHRD,3,50.1,104.07,102.05,-1.95,1.4,-3.34
2025-07-23,CHRD,3,60.2,106.41,99.85,-6.17,0.61,-6.78
2025-07-30,CHRD,3,57.4,108.92,106.78,-1.97,1.92,-3.88
2025-12-12,CHRD,3,63.7,97.36,93.19,-4.28,2.06,-6.35
2026-02-04,CHRD,3,66.2,101.15,119.29,17.93,-0.71,18.64
2024-11-13,SM,3,55.1,41.6,38.62,-7.16,1.2,-8.35
2024-11-20,SM,3,61.4,42.59,34.99,-17.85,-0.75,-17.11
2024-11-27,SM,3,58.7,42.65,35.98,-15.64,-0.3,-15.33
2025-06-09,SM,3,62.1,24.69,26.74,8.32,4.37,3.95
2025-07-09,SM,3,48.9,26.74,26.06,-2.55,1.4,-3.95
2025-07-30,SM,3,47.5,26.94,27.24,1.12,1.92,-0.8
2025-08-27,SM,3,61.9,27.24,26.55,-2.53,2.05,-4.58
2025-09-04,SM,3,58.8,27.42,24.07,-12.23,3.38,-15.61
2024-07-23,MTDR,2,53.3,58.24,53.67,-7.86,0.89,-8.75
2024-11-06,MTDR,3,67.5,55.05,55.99,1.7,2.64,-0.94
2024-11-27,MTDR,3,63.6,57.39,52.34,-8.8,-0.3,-8.49
2025-06-09,MTDR,3,63.1,45.57,50.15,10.05,4.37,5.68
2025-06-24,MTDR,3,60.4,47.38,49.15,3.73,4.52,-0.79
2025-07-09,MTDR,3,50.3,50.15,45.58,-9.11,1.4,-10.51
2025-12-12,MTDR,3,67.5,43.92,42.34,-3.59,2.06,-5.66
2026-01-13,MTDR,3,53.6,42.34,48.14,13.71,-0.26,13.97
2026-01-21,MTDR,3,54.3,43.43,51.68,18.99,-0.13,19.12
2026-02-04,MTDR,3,66.0,46.61,55.01,18.03,-0.71,18.75
2024-05-23,IRM,3,63.2,75.01,84.92,13.21,3.52,9.69
2024-06-07,IRM,3,62.7,80.87,88.77,9.77,4.42,5.35
2024-08-06,IRM,3,62.7,101.46,107.58,6.03,5.52,0.52
2024-09-18,IRM,3,63.2,111.68,118.36,5.99,4.04,1.94
2024-10-16,IRM,3,68.3,118.36,111.23,-6.03,2.56,-8.59
2024-10-23,IRM,3,69.7,120.4,111.53,-7.36,2.16,-9.52
2025-09-25,IRM,3,69.7,99.76,102.85,3.11,2.08,1.02
2025-10-02,IRM,3,69.7,102.23,100.25,-1.94,1.59,-3.52
2025-10-09,IRM,3,65.4,103.86,99.81,-3.9,-0.13,-3.77
2026-01-28,IRM,3,64.2,92.24,109.35,18.55,-0.88,19.43
2024-07-09,EQIX,3,52.4,738.25,755.37,2.32,-6.06,8.38
2024-08-13,EQIX,3,59.1,798.72,839.67,5.13,2.28,2.84
2024-08-20,EQIX,3,62.3,798.91,833.14,4.28,0.48,3.8
2024-10-30,EQIX,3,69.6,880.81,951.96,8.08,3.24,4.83
2024-11-20,EQIX,3,55.3,893.47,896.03,0.29,-0.75,1.03
2024-12-19,EQIX,2,27.9,896.03,899.58,0.4,3.82,-3.42
2025-05-16,EQIX,3,65.9,856.07,872.69,1.94,1.43,0.51
2025-06-02,EQIX,3,65.3,874.99,781.54,-10.68,4.52,-15.2
2025-06-09,EQIX,3,69.9,891.69,751.4,-15.73,4.37,-20.11
2025-09-11,EQIX,3,61.7,788.38,799.11,1.36,2.34,-0.98
2025-09-18,EQIX,3,49.5,776.34,803.5,3.5,0.03,3.47
2025-09-25,EQIX,2,54.2,773.95,822.44,6.27,2.08,4.18
2025-10-09,EQIX,3,58.4,799.11,809.98,1.36,-0.13,1.49
2025-10-16,EQIX,3,61.1,803.5,777.57,-3.23,1.73,-4.95
2026-01-21,EQIX,3,59.7,791.17,913.05,15.41,-0.13,15.54
2026-01-28,EQIX,3,66.4,811.73,948.02,16.79,-0.88,17.67
2024-05-23,DLR,2,40.2,134.95,140.61,4.2,3.52,0.67
2024-05-31,DLR,3,60.6,137.88,145.5,5.53,3.74,1.79
2024-06-07,DLR,3,56.7,138.84,146.62,5.61,4.42,1.19
2024-07-01,DLR,3,65.4,145.5,138.72,-4.66,-0.61,-4.05
2024-07-09,DLR,3,64.2,146.62,142.16,-3.05,-6.06,3.01
2024-09-18,DLR,3,67.8,152.52,156.26,2.45,4.04,-1.59
2024-11-06,DLR,3,62.1,167.33,184.16,10.06,2.64,7.41
2024-11-20,DLR,3,59.8,179.17,171.52,-4.27,-0.75,-3.53
2025-06-09,DLR,3,67.3,172.84,168.63,-2.44,4.37,-6.81
2025-07-23,DLR,3,69.6,176.57,162.86,-7.76,0.61,-8.38
2025-07-30,DLR,3,64.6,174.66,167.2,-4.27,1.92,-6.19
2025-10-02,DLR,3,53.4,172.37,169.39,-1.73,1.59,-3.31
2025-10-09,DLR,3,57.5,173.82,167.01,-3.92,-0.13,-3.79
2026-01-28,DLR,3,65.9,163.21,176.37,8.06,-0.88,8.94
2026-02-04,DLR,3,66.2,166.79,179.75,7.77,-0.71,8.48
2024-05-31,AMT,3,65.7,184.55,184.45,-0.06,3.74,-3.8
2024-06-07,AMT,3,49.7,183.16,186.29,1.71,4.42,-2.71
2024-06-14,AMT,3,69.7,187.31,199.78,6.66,4.4,2.26
2024-08-06,AMT,3,66.7,216.91,221.05,1.91,5.52,-3.6
2024-09-04,AMT,3,65.4,221.05,220.44,-0.28,3.57,-3.84
2025-02-20,AMT,3,63.9,185.86,207.01,11.38,-7.35,18.73
2025-03-13,AMT,3,68.6,200.73,201.26,0.26,-4.58,4.85
2025-03-20,AMT,3,63.5,207.01,216.88,4.77,-6.63,11.4
2025-04-17,AMT,3,57.6,216.88,207.84,-4.17,12.88,-17.05
2025-05-02,AMT,3,61.9,217.8,208.55,-4.24,4.58,-8.82
2025-07-09,AMT,3,61.8,217.77,205.08,-5.83,1.4,-7.23
2025-07-23,AMT,3,62.7,225.97,205.67,-8.98,0.61,-9.6
2024-05-23,ASTS,3,67.6,4.14,10.33,149.52,3.52,145.99
2024-08-06,ASTS,3,68.9,19.53,33.08,69.38,5.52,63.86
2024-08-13,ASTS,3,69.2,20.96,27.9,33.11,2.28,30.83
2024-08-27,ASTS,3,64.8,31.11,24.39,-21.6,1.82,-23.42
2025-03-06,ASTS,3,54.4,32.18,21.58,-32.94,-6.01,-26.93
2025-07-01,ASTS,3,65.4,45.11,54.29,20.35,2.72,17.63
2025-08-13,ASTS,2,28.3,50.05,38.37,-23.34,1.98,-25.31
2025-12-29,ASTS,2,48.4,71.47,121.23,69.62,1.1,68.52
2026-01-06,ASTS,3,69.3,97.49,103.5,6.16,-0.81,6.98
2026-01-13,ASTS,3,54.1,92.72,96.92,4.53,-0.26,4.79
2026-01-21,ASTS,3,65.6,103.5,86.4,-16.52,-0.13,-16.39
2026-01-28,ASTS,3,68.8,121.23,85.76,-29.26,-0.88,-28.38
2024-09-11,LUNR,3,54.9,5.63,7.12,26.47,4.42,22.05
2024-09-25,LUNR,3,67.8,7.99,8.07,1.0,1.39,-0.39
2024-11-20,LUNR,3,67.7,12.07,12.78,5.88,-0.75,6.63
2024-11-27,LUNR,3,67.9,14.45,18.39,27.27,-0.3,27.57
2025-01-22,LUNR,3,60.0,22.45,19.72,-12.16,0.65,-12.81
2025-07-30,LUNR,2,52.6,11.55,8.99,-22.16,1.92,-24.08
2025-10-16,LUNR,3,62.2,11.83,8.66,-26.8,1.73,-28.52
2025-12-29,LUNR,3,66.9,15.7,22.81,45.29,1.1,44.19
2026-01-13,LUNR,3,54.4,17.57,17.04,-3.02,-0.26,-2.76
2026-01-21,LUNR,3,63.1,19.6,18.19,-7.19,-0.13,-7.06
2024-05-23,RKLB,3,56.0,4.22,4.83,14.45,3.52,10.93
2024-06-24,RKLB,3,63.0,4.83,5.4,11.8,2.03,9.77
2024-07-09,RKLB,3,67.3,5.08,4.72,-7.19,-6.06,-1.13
2024-08-13,RKLB,3,50.5,5.23,6.68,27.72,2.28,25.44
2024-08-20,RKLB,3,66.2,6.65,7.12,7.07,0.48,6.58
2024-08-27,RKLB,3,65.3,6.12,8.62,40.85,1.82,39.03
2024-09-18,RKLB,3,66.1,7.12,11.19,57.16,4.04,53.12
2024-10-23,RKLB,3,69.4,10.91,20.18,84.97,2.16,82.8
2025-01-22,RKLB,3,57.9,29.62,25.26,-14.72,0.65,-15.37
2025-01-29,RKLB,3,52.4,28.87,19.83,-31.31,-2.78,-28.53
2025-05-02,RKLB,3,65.3,22.99,26.6,15.7,4.58,11.12
2025-05-09,RKLB,2,59.1,20.51,29.64,44.51,6.26,38.25
2025-05-16,RKLB,3,62.9,25.57,26.55,3.83,1.43,2.41
2025-05-23,RKLB,3,63.4,25.42,33.46,31.63,5.09,26.54
2025-06-09,RKLB,3,66.2,29.64,39.14,32.05,4.37,27.68
2025-07-01,RKLB,3,70.0,34.33,46.44,35.28,2.72,32.55
2025-08-06,RKLB,2,29.5,44.1,42.99,-2.52,2.58,-5.1
2025-08-13,RKLB,2,29.8,43.0,48.43,12.63,1.98,10.65
2025-08-20,RKLB,2,27.9,40.69,47.18,15.95,3.78,12.17
2025-08-27,RKLB,3,55.4,46.25,46.63,0.82,2.05,-1.23
2025-09-11,RKLB,3,63.1,48.43,66.42,37.15,2.34,34.81
2025-12-29,RKLB,3,67.6,70.12,88.57,26.31,1.1,25.21
2026-01-13,RKLB,3,63.4,86.58,69.62,-19.59,-0.26,-19.33
2026-01-21,RKLB,3,68.7,87.82,76.58,-12.8,-0.13,-12.66
2024-05-23,RDW,3,69.0,4.78,6.46,35.15,3.52,31.62
2024-05-31,RDW,3,67.2,5.14,6.94,35.02,3.74,31.28
2024-06-14,RDW,3,63.9,6.02,7.66,27.24,4.4,22.84
2024-06-24,RDW,3,65.7,6.46,7.21,11.61,2.03,9.58
2024-07-01,RDW,3,57.7,6.94,6.97,0.43,-0.61,1.04
2024-10-02,RDW,3,57.4,6.8,7.9,16.18,1.96,14.22
2024-10-09,RDW,3,65.2,7.55,8.58,13.64,2.41,11.23
2024-10-16,RDW,3,69.7,8.39,10.27,22.41,2.56,19.85
2024-11-13,RDW,3,62.2,10.27,11.55,12.46,1.2,11.27
2024-12-27,RDW,3,64.6,17.12,22.22,29.79,1.14,28.65
2025-01-22,RDW,3,62.2,21.65,20.0,-7.62,0.65,-8.27
2025-01-29,RDW,3,68.7,22.22,14.03,-36.86,-2.78,-34.07
2025-05-09,RDW,3,68.9,11.31,19.96,76.48,6.26,70.22
2025-05-16,RDW,3,57.2,12.23,20.57,68.19,1.43,66.77
2025-05-23,RDW,3,61.3,13.0,16.53,27.15,5.09,22.07
2025-06-02,RDW,3,66.3,13.93,15.31,9.91,4.52,5.39
2025-06-16,RDW,3,66.4,20.57,17.5,-14.92,3.88,-18.8
2025-07-16,RDW,3,58.6,17.5,9.66,-44.8,3.31,-48.11
2025-12-29,RDW,3,51.6,7.0,13.29,89.86,1.1,88.76
2026-01-13,RDW,3,59.4,10.14,9.01,-11.14,-0.26,-10.88
2026-01-21,RDW,3,61.8,10.2,8.6,-15.69,-0.13,-15.55
2026-01-28,RDW,3,62.9,13.29,9.55,-28.14,-0.88,-27.26
2024-10-09,JOBY,3,57.2,5.66,5.07,-10.42,2.41,-12.83
2024-10-23,JOBY,3,62.8,6.24,6.2,-0.64,2.16,-2.81
2024-11-13,JOBY,3,48.0,5.9,7.63,29.32,1.2,28.13
2024-12-05,JOBY,3,68.5,8.09,9.83,21.51,-1.53,23.04
2024-12-27,JOBY,3,50.9,8.93,8.33,-6.72,1.14,-7.86
2025-01-06,JOBY,3,66.1,9.83,8.05,-18.11,1.49,-19.6
2025-06-02,JOBY,3,55.1,7.5,9.81,30.8,4.52,26.28
2025-06-09,JOBY,3,66.5,9.23,11.56,25.24,4.37,20.87
2025-06-16,JOBY,3,63.5,9.0,16.33,81.44,3.88,77.56
2025-07-01,JOBY,3,53.1,9.81,16.82,71.46,2.72,68.74
2025-08-06,JOBY,3,56.4,18.93,13.1,-30.8,2.58,-33.38
2025-10-09,JOBY,3,53.2,17.14,14.32,-16.45,-0.13,-16.33
2024-08-06,ACHR,2,18.2,3.92,3.36,-14.29,5.52,-19.8
2024-11-06,ACHR,3,50.7,3.21,7.66,138.63,2.64,135.99
2024-12-05,ACHR,3,66.8,7.66,11.45,49.48,-1.53,51.01
2025-01-06,ACHR,3,68.5,11.45,9.15,-20.09,1.49,-21.58
2025-02-20,ACHR,3,59.0,10.13,8.28,-18.26,-7.35,-10.91
2025-05-09,ACHR,3,68.0,8.81,11.26,27.81,6.26,21.55
2025-05-23,ACHR,3,62.4,10.59,10.73,1.32,5.09,-3.77
2025-07-23,ACHR,3,59.8,11.36,9.23,-18.75,0.61,-19.36
2025-10-09,ACHR,3,69.0,12.66,8.88,-29.86,-0.13,-29.73
2025-10-16,ACHR,3,64.7,11.87,7.96,-32.94,1.73,-34.67
2026-01-21,ACHR,3,63.4,8.47,7.23,-14.64,-0.13,-14.51
2024-07-09,EVTL,3,66.5,8.9,8.7,-2.25,-6.06,3.81
2024-07-16,EVTL,3,63.2,9.3,8.3,-10.75,-4.04,-6.71
2024-07-23,EVTL,3,65.3,9.2,8.45,-8.15,0.89,-9.04
2024-07-30,EVTL,3,55.4,9.38,9.36,-0.21,3.61,-3.82
2024-12-05,EVTL,3,60.9,7.63,11.14,46.0,-1.53,47.53
2024-12-12,EVTL,3,62.4,7.4,8.06,8.92,-3.34,12.26
2025-01-06,EVTL,3,61.0,11.14,5.17,-53.59,1.49,-55.08
2025-05-23,EVTL,3,66.8,5.38,5.53,2.79,5.09,-2.3
2025-07-01,EVTL,3,56.6,6.38,6.34,-0.63,2.72,-3.35
2025-07-23,EVTL,3,50.2,6.66,4.61,-30.78,0.61,-31.4
2025-07-30,EVTL,3,63.7,6.34,4.96,-21.77,1.92,-23.68
2025-10-09,EVTL,3,52.5,5.89,4.21,-28.52,-0.13,-28.4
2025-12-12,EVTL,3,67.4,5.76,6.16,6.94,2.06,4.88
2026-01-06,EVTL,3,60.0,6.14,4.45,-27.52,-0.81,-26.71
2026-01-13,EVTL,3,59.2,6.16,4.48,-27.27,-0.26,-27.01
2024-10-02,IONQ,3,62.7,9.2,16.87,83.37,1.96,81.41
2024-10-09,IONQ,3,63.2,9.54,16.45,72.43,2.41,70.02
2024-11-27,IONQ,3,68.7,32.21,45.48,41.2,-0.3,41.5
2024-12-05,IONQ,3,65.9,35.95,51.07,42.06,-1.53,43.59
2024-12-27,IONQ,3,57.8,45.48,39.54,-13.06,1.14,-14.2
2025-01-06,IONQ,3,67.6,51.07,42.32,-17.13,1.49,-18.62
2025-02-05,IONQ,3,56.3,42.32,20.48,-51.61,-5.21,-46.39
2025-05-02,IONQ,3,66.7,30.92,40.57,31.21,4.58,26.63
2025-06-02,IONQ,3,63.4,40.57,40.1,-1.16,4.52,-5.67
2025-06-16,IONQ,2,23.4,38.43,43.54,13.3,3.88,9.42
2025-07-09,IONQ,3,66.9,45.56,41.23,-9.5,1.4,-10.9
2025-10-09,IONQ,3,58.0,77.5,57.43,-25.9,-0.13,-25.77
2024-11-13,RGTI,3,68.9,1.7,5.97,251.18,1.2,249.98
2024-11-27,RGTI,3,66.6,2.4,17.08,611.67,-0.3,611.97
2024-12-19,RGTI,3,65.1,7.47,13.91,86.21,3.82,82.39
2025-05-09,RGTI,3,69.2,10.58,11.32,6.99,6.26,0.73
2025-05-16,RGTI,3,63.3,11.85,12.16,2.62,1.43,1.19
2025-05-23,RGTI,3,69.4,14.02,11.5,-17.97,5.09,-23.06
2025-07-09,RGTI,3,66.6,13.51,15.99,18.36,1.4,16.96
2025-07-23,RGTI,3,65.3,16.14,14.76,-8.55,0.61,-9.17
2025-08-13,RGTI,3,58.1,17.24,16.69,-3.19,1.98,-5.17
2025-09-11,RGTI,3,67.6,16.69,47.11,182.26,2.34,179.92
2025-10-16,RGTI,3,68.9,47.97,25.2,-47.47,1.73,-49.19
2024-08-27,QUBT,3,56.0,0.66,0.66,0.0,1.82,-1.82
2024-09-18,QUBT,3,59.5,0.67,0.76,14.11,4.04,10.07
2024-09-25,QUBT,3,56.8,0.66,1.04,57.58,1.39,56.18
2024-10-09,QUBT,3,42.3,0.69,1.08,57.43,2.41,55.03
2024-10-16,QUBT,3,66.6,0.76,2.66,250.0,2.56,247.44
2024-11-20,QUBT,3,68.3,3.68,15.14,311.41,-0.75,312.16
2024-12-05,QUBT,3,63.1,7.26,18.09,149.17,-1.53,150.71
2024-12-19,QUBT,3,61.7,15.14,11.1,-26.68,3.82,-30.5
2024-12-27,QUBT,3,63.4,18.35,10.13,-44.8,1.14,-45.94
2025-04-25,QUBT,3,57.8,7.13,13.31,86.68,5.17,81.51
2025-06-02,QUBT,3,61.3,11.8,18.64,57.97,4.52,53.45
2025-06-09,QUBT,3,61.3,14.34,19.14,33.47,4.37,29.1
2025-06-24,QUBT,3,63.4,17.52,17.47,-0.31,4.52,-4.83
2025-09-25,QUBT,3,68.0,20.58,15.94,-22.55,2.08,-24.63
2025-10-09,QUBT,3,44.5,21.32,13.15,-38.32,-0.13,-38.19
2024-10-23,DNA,3,61.5,9.05,6.36,-29.72,2.16,-31.89
2024-11-13,DNA,3,61.2,8.6,10.33,20.12,1.2,18.92
2024-12-05,DNA,3,68.6,9.67,11.65,20.48,-1.53,22.01
2025-01-06,DNA,3,65.9,11.65,16.36,40.43,1.49,38.94
2025-01-22,DNA,3,67.9,12.9,11.43,-11.4,0.65,-12.05
2025-01-29,DNA,3,55.8,12.25,8.64,-29.47,-2.78,-26.68
2025-05-09,DNA,3,55.3,7.76,7.84,1.03,6.26,-5.23
2025-05-16,DNA,3,49.0,7.93,9.17,15.64,1.43,14.21
2025-06-09,DNA,3,47.0,7.84,11.07,41.2,4.37,36.83
2025-06-24,DNA,3,65.9,9.19,14.14,53.86,4.52,49.34
2025-07-23,DNA,3,59.2,14.14,11.59,-18.03,0.61,-18.65
2025-07-30,DNA,3,61.8,12.88,12.35,-4.11,1.92,-6.03
2025-08-06,DNA,3,69.5,13.96,11.68,-16.33,2.58,-18.91
2025-10-09,DNA,3,68.6,15.24,11.3,-25.85,-0.13,-25.73
2025-10-16,DNA,3,63.4,15.12,8.0,-47.09,1.73,-48.82
2026-01-21,DNA,3,68.6,9.78,9.69,-0.92,-0.13,-0.79
2026-01-28,DNA,3,48.2,9.43,9.71,2.97,-0.88,3.85
2024-06-14,BEAM,3,53.7,24.87,27.29,9.73,4.4,5.33
2024-07-16,BEAM,3,63.9,27.29,24.34,-10.81,-4.04,-6.77
2024-11-27,BEAM,3,52.9,27.2,26.59,-2.24,-0.3,-1.94
2024-12-12,BEAM,3,63.7,28.06,23.3,-16.96,-3.34,-13.62
2025-07-16,BEAM,3,65.7,20.07,17.52,-12.71,3.31,-16.02
2025-07-23,BEAM,3,62.9,22.16,16.06,-27.53,0.61,-28.14
2025-09-25,BEAM,3,59.1,23.09,28.2,22.13,2.08,20.05
2025-10-23,BEAM,3,57.0,28.2,20.6,-26.95,-2.86,-24.09
2025-12-29,BEAM,3,55.5,27.84,29.02,4.24,1.1,3.14
2026-01-21,BEAM,3,59.8,31.12,27.88,-10.41,-0.13,-10.28
2024-10-30,CRSP,3,58.7,47.93,50.84,6.07,3.24,2.83
2024-11-06,CRSP,3,57.2,50.72,49.51,-2.39,2.64,-5.03
2024-11-13,CRSP,3,54.4,49.79,45.4,-8.82,1.2,-10.01
2024-11-27,CRSP,3,47.4,50.84,40.02,-21.28,-0.3,-20.98
2024-12-05,CRSP,2,57.1,49.51,42.43,-14.3,-1.53,-12.77
2025-02-20,CRSP,3,68.0,50.43,41.17,-18.36,-7.35,-11.01
2025-06-09,CRSP,3,64.4,42.09,60.08,42.74,4.37,38.37
2025-07-16,CRSP,3,64.2,55.14,57.33,3.97,3.31,0.66
2026-01-13,CRSP,3,45.3,56.18,48.32,-13.99,-0.26,-13.73
2024-06-14,NTLA,3,51.4,25.15,27.35,8.75,4.4,4.34
2024-06-24,NTLA,3,61.0,25.0,26.46,5.84,2.03,3.81
2024-07-30,NTLA,3,64.5,26.27,22.94,-12.68,3.61,-16.28
2025-05-16,NTLA,3,50.2,8.5,8.96,5.41,1.43,3.98
2025-05-23,NTLA,3,55.7,9.16,9.57,4.48,5.09,-0.61
2025-06-16,NTLA,3,46.8,8.96,11.96,33.48,3.88,29.6
2025-07-16,NTLA,3,69.9,11.96,11.0,-8.03,3.31,-11.34
2026-01-28,NTLA,3,68.1,13.82,14.28,3.33,-0.88,4.21
2025-02-20,EDIT,3,59.7,2.06,1.37,-33.5,-7.35,-26.14
2025-02-27,EDIT,3,57.2,1.83,1.3,-28.96,-2.78,-26.18
2025-05-23,EDIT,3,50.4,1.55,2.25,45.16,5.09,40.07
2025-06-02,EDIT,3,58.8,1.77,2.25,27.12,4.52,22.6
2025-06-09,EDIT,3,68.3,1.93,3.08,59.59,4.37,55.21
2025-06-16,EDIT,3,68.1,2.16,2.84,31.48,3.88,27.6
2025-06-24,EDIT,3,63.7,2.25,3.46,53.78,4.52,49.26
2025-07-16,EDIT,3,69.5,2.84,3.08,8.45,3.31,5.14
2025-08-20,EDIT,2,53.7,2.67,3.0,12.36,3.78,8.57
2025-09-25,EDIT,3,62.7,3.23,3.65,13.0,2.08,10.92
2024-08-13,SOUN,3,55.2,4.99,4.84,-3.01,2.28,-5.29
2024-08-20,SOUN,3,50.8,5.14,4.85,-5.64,0.48,-6.13
2024-10-16,SOUN,3,61.6,5.25,6.27,19.43,2.56,16.87
2024-10-23,SOUN,3,58.5,4.98,6.44,29.32,2.16,27.15
2024-10-30,SOUN,3,59.1,5.45,7.88,44.59,3.24,41.34
2024-11-13,SOUN,3,57.7,6.27,13.67,118.02,1.2,116.83
2024-11-27,SOUN,3,57.5,7.88,23.95,203.93,-0.3,204.24
2025-01-14,SOUN,2,25.8,12.79,13.97,9.23,3.64,5.59
2025-05-16,SOUN,3,61.8,11.19,9.72,-13.14,1.43,-14.56
2025-07-16,SOUN,3,67.2,11.78,16.5,40.07,3.31,36.76
2025-09-04,SOUN,2,29.8,13.29,17.84,34.24,3.38,30.85
2025-09-11,SOUN,3,65.7,14.58,18.58,27.43,2.34,25.09
2025-09-18,SOUN,3,69.7,15.63,20.76,32.82,0.03,32.79
2025-09-25,SOUN,3,61.8,16.35,18.24,11.56,2.08,9.48
2025-10-09,SOUN,3,65.0,18.58,14.23,-23.41,-0.13,-23.29
2024-07-23,BBAI,3,56.3,1.54,1.33,-13.64,0.89,-14.52
2024-09-18,BBAI,3,49.3,1.56,1.75,12.18,4.04,8.14
2024-10-16,BBAI,3,58.8,1.75,1.71,-2.29,2.56,-4.84
2024-10-23,BBAI,3,55.7,1.6,2.09,30.62,2.16,28.46
2024-11-13,BBAI,3,52.9,1.71,2.66,55.56,1.2,54.36
2024-11-20,BBAI,3,67.6,2.09,2.82,34.93,-0.75,35.67
2024-11-27,BBAI,3,62.6,2.15,4.21,95.81,-0.3,96.12
2024-12-12,BBAI,3,56.3,2.66,3.18,19.55,-3.34,22.89
2024-12-27,BBAI,3,58.7,4.21,3.64,-13.54,1.14,-14.68
2025-01-06,BBAI,3,66.9,4.3,7.11,65.35,1.49,63.86
2025-01-22,BBAI,3,46.0,4.44,7.51,69.14,0.65,68.49
2025-02-20,BBAI,3,66.8,7.51,3.0,-60.05,-7.35,-52.7
2025-05-16,BBAI,3,52.8,3.67,4.14,12.81,1.43,11.38
2025-05-23,BBAI,3,60.5,3.64,5.23,43.68,5.09,38.59
2025-06-02,BBAI,3,60.1,3.95,6.65,68.35,4.52,63.84
2025-10-09,BBAI,3,56.9,7.49,5.66,-24.43,-0.13,-24.31
2025-10-16,BBAI,3,58.9,7.7,6.34,-17.66,1.73,-19.39
2024-05-23,BFLY,3,59.4,1.03,0.94,-9.03,3.52,-12.55
2024-07-23,BFLY,3,60.9,1.12,0.92,-17.86,0.89,-18.75
2024-10-30,BFLY,3,56.6,1.84,3.29,78.8,3.24,75.56
2025-01-06,BFLY,3,64.4,4.23,4.5,6.38,1.49,4.89
2025-02-05,BFLY,3,60.1,4.5,2.89,-35.78,-5.21,-30.56
2025-02-12,BFLY,3,53.6,4.34,2.55,-41.24,-8.61,-32.64
2025-02-20,BFLY,3,57.0,4.43,2.75,-37.92,-7.35,-30.57
2025-06-09,BFLY,3,56.5,2.48,1.95,-21.37,4.37,-25.74
2025-09-25,BFLY,3,66.7,1.96,2.22,13.27,2.08,11.18
2025-10-02,BFLY,3,65.9,1.96,2.04,4.08,1.59,2.5
2025-11-06,BFLY,2,52.8,2.25,3.06,36.0,2.29,33.71
2025-11-28,BFLY,3,65.8,3.1,3.8,22.58,0.95,21.63
2025-12-05,BFLY,3,67.2,3.06,4.06,32.68,1.19,31.49
2024-07-30,NNOX,3,57.1,8.64,6.65,-22.99,3.61,-26.6
2024-11-27,NNOX,3,53.5,6.28,7.59,20.86,-0.3,21.16
2024-12-05,NNOX,3,53.7,6.24,9.97,59.78,-1.53,61.31
2024-12-12,NNOX,3,62.3,7.41,7.47,0.88,-3.34,4.22
2024-12-27,NNOX,3,45.5,7.59,7.5,-1.19,1.14,-2.33
2025-06-09,NNOX,3,51.4,5.52,5.21,-5.62,4.37,-9.99
2025-10-23,NNOX,3,53.2,4.09,3.45,-15.65,-2.86,-12.79
2024-11-20,XONE,3,63.2,47.01,47.2,0.41,-0.75,1.16
2024-11-27,XONE,3,64.3,47.05,47.27,0.47,-0.3,0.78
2024-11-13,OUST,3,60.5,9.11,9.14,0.33,1.2,-0.87
2024-11-20,OUST,3,66.7,8.88,10.42,17.34,-0.75,18.09
2024-11-27,OUST,3,61.6,9.55,12.49,30.79,-0.3,31.09
2024-12-19,OUST,3,54.2,10.42,10.77,3.36,3.82,-0.46
2024-12-27,OUST,3,62.5,12.49,9.46,-24.26,1.14,-25.4
2025-06-02,OUST,3,63.0,12.79,21.64,69.19,4.52,64.68
2025-07-01,OUST,3,63.2,21.64,22.49,3.93,2.72,1.21
2025-07-16,OUST,3,65.8,29.03,33.11,14.05,3.31,10.74
2025-08-13,OUST,3,61.3,33.11,30.73,-7.19,1.98,-9.16
2025-08-20,OUST,3,64.0,29.56,34.72,17.46,3.78,13.67
2025-09-04,OUST,2,25.5,28.34,28.4,0.21,3.38,-3.17
2025-09-18,OUST,3,61.7,34.72,31.52,-9.22,0.03,-9.25
2025-10-09,OUST,3,38.2,30.85,24.13,-21.78,-0.13,-21.66
2025-10-16,OUST,3,57.1,31.52,22.5,-28.62,1.73,-30.34
2025-10-30,OUST,2,56.2,32.33,22.96,-28.98,0.52,-29.51
2026-01-21,OUST,3,66.1,25.29,19.08,-24.56,-0.13,-24.42
2024-10-09,INVZ,3,57.6,0.8,0.64,-19.52,2.41,-21.93
2024-12-19,INVZ,3,65.6,1.05,1.89,80.0,3.82,76.18
2025-05-09,INVZ,3,67.2,0.78,0.93,19.1,6.26,12.84
2025-05-16,INVZ,3,69.3,0.99,0.93,-5.38,1.43,-6.8
2025-07-09,INVZ,3,68.1,1.6,1.51,-5.63,1.4,-7.02
2025-07-16,INVZ,3,64.8,1.63,1.58,-3.07,3.31,-6.38
2025-07-23,INVZ,3,68.5,1.91,1.64,-14.14,0.61,-14.75
2025-09-11,INVZ,3,60.6,1.85,2.16,16.76,2.34,14.42
2025-09-18,INVZ,3,61.2,1.97,2.14,8.63,0.03,8.6
2025-10-02,INVZ,3,61.0,2.12,1.89,-10.85,1.59,-12.43
2025-10-09,INVZ,3,56.6,2.16,1.66,-23.15,-0.13,-23.02
2025-10-16,INVZ,3,63.9,2.14,1.38,-35.51,1.73,-37.24
2024-05-23,LIDR,3,63.7,2.79,2.1,-24.73,3.52,-28.25
2024-05-31,LIDR,3,55.8,3.38,1.96,-42.01,3.74,-45.75
2025-01-06,LIDR,3,68.1,2.33,0.88,-62.27,1.49,-63.76
2025-05-16,LIDR,3,44.2,0.71,0.82,16.57,1.43,15.15
2025-05-23,LIDR,3,57.1,0.79,0.78,-0.25,5.09,-5.34
2025-06-09,LIDR,3,62.8,0.8,1.18,48.43,4.37,44.05
2025-06-16,LIDR,3,56.4,0.82,1.06,28.8,3.88,24.92
2025-07-01,LIDR,3,56.9,0.98,3.51,258.9,2.72,256.17
2025-07-09,LIDR,3,69.4,1.18,2.42,105.08,1.4,103.69
2025-01-14,STEM,3,63.4,16.72,9.72,-41.87,3.64,-45.5
2025-01-29,STEM,2,26.4,12.1,8.84,-26.94,-2.78,-24.16
2025-02-20,STEM,3,60.2,13.14,8.6,-34.55,-7.35,-27.2
2025-05-16,STEM,3,67.8,10.86,9.4,-13.44,1.43,-14.87
2025-06-02,STEM,2,25.0,9.58,6.36,-33.61,4.52,-38.13
2025-06-09,STEM,3,61.2,12.14,8.67,-28.58,4.37,-32.96
2025-07-30,STEM,3,61.9,14.24,16.25,14.12,1.92,12.2
2025-08-20,STEM,3,66.4,16.47,17.13,4.01,3.78,0.22
2025-09-18,STEM,3,58.7,17.13,25.91,51.26,0.03,51.22
2025-09-25,STEM,3,68.8,19.41,20.7,6.65,2.08,4.56
2025-10-02,STEM,3,68.9,21.59,16.94,-21.54,1.59,-23.12
2025-10-09,STEM,3,64.1,22.98,17.33,-24.59,-0.13,-24.46
2025-10-16,STEM,3,67.0,25.91,16.5,-36.32,1.73,-38.04
2026-01-21,STEM,3,65.6,18.67,11.47,-38.56,-0.13,-38.43
2024-11-27,ARRY,3,57.8,7.0,6.03,-13.86,-0.3,-13.55
2025-01-22,ARRY,2,53.4,6.39,6.9,8.07,0.65,7.42
2025-01-29,ARRY,3,53.0,7.15,6.55,-8.39,-2.78,-5.61
2025-05-23,ARRY,3,66.0,6.88,6.37,-7.41,5.09,-12.5
2025-06-16,ARRY,3,68.7,7.96,7.04,-11.56,3.88,-15.44
2025-07-09,ARRY,3,52.6,7.7,5.73,-25.58,1.4,-26.98
2025-10-02,ARRY,3,65.9,8.76,8.39,-4.22,1.59,-5.81
2025-10-09,ARRY,3,61.6,9.09,8.37,-7.92,-0.13,-7.79
2025-10-16,ARRY,3,53.9,8.77,7.6,-13.29,1.73,-15.02
2026-01-21,ARRY,3,57.2,10.22,10.93,6.95,-0.13,7.08
2025-08-27,BEEM,3,69.4,2.8,2.65,-5.36,2.05,-7.41
2025-09-18,BEEM,3,56.4,3.04,3.16,3.95,0.03,3.92
2025-09-25,BEEM,3,53.6,2.65,2.87,8.3,2.08,6.22
2025-10-02,BEEM,3,62.1,2.91,2.58,-11.34,1.59,-12.93
2025-10-09,BEEM,3,63.9,3.34,2.22,-33.53,-0.13,-33.41
2025-10-16,BEEM,3,62.1,3.16,1.81,-42.72,1.73,-44.45
2025-05-16,MAXN,3,58.3,3.75,3.35,-10.67,1.43,-12.09
2025-07-23,MAXN,3,62.9,4.39,3.9,-11.16,0.61,-11.78
2025-07-30,MAXN,3,53.8,4.34,3.79,-12.67,1.92,-14.59
